,years_for_full,full_population_mean,target_agents_mean,total_affected_mean,m694v_homozigotes_mean,compound_mean,n_allele_mean,carrier_births_mean,affected_births_mean,normal_births_mean,full_population_ci_low,target_agents_ci_low,total_affected_ci_low,m694v_homozigotes_ci_low,compound_ci_low,n_allele_ci_low,carrier_births_ci_low,affected_births_ci_low,normal_births_ci_low,full_population_ci_high,target_agents_ci_high,total_affected_ci_high,m694v_homozigotes_ci_high,compound_ci_high,n_allele_ci_high,carrier_births_ci_high,affected_births_ci_high,normal_births_ci_high
0,1950,50296.64,42221.48,196.56,23.88,122.68,45.16,204.64,11.36,999.36,50278.307317653256,42191.450369288985,191.37052599711043,22.177618421152296,118.44785210088305,42.7630233709942,199.2748483065869,10.168423162360058,985.1580540525838,50314.97268234674,42251.50963071102,201.74947400288957,25.582381578847702,126.91214789911696,47.556976629005796,210.00515169341307,12.55157683763994,1013.5619459474162
1,1951,50975.88,42710.8,199.32,24.0,124.32,46.04,404.52,21.0,1950.8,50948.146791860534,42670.7609529251,194.35030156783463,22.31774595656106,120.05620030489236,43.82980123970716,398.1818719398653,19.564152282912055,1927.678645022404,51003.61320813946,42750.83904707491,204.28969843216535,25.68225404343894,128.58379969510764,48.25019876029284,410.8581280601347,22.435847717087945,1973.921354977596
2,1952,51832.48,43381.6,201.64,24.0,125.92,46.68,630.84,33.0,3036.64,51797.08655321523,43332.354699337564,196.48295232780097,22.490248585583263,121.61108959171038,44.20149752740356,621.9630678933166,30.895090184037965,3008.0585042724024,51867.873446784775,43430.84530066243,206.797047672199,25.509751414416737,130.22891040828964,49.15850247259644,639.7169321066834,35.10490981596204,3065.2214957275974
3,1953,52691.84,44059.4,203.8,24.56,127.44,46.8,860.44,45.2,4123.12,52649.04003210717,44001.136328208166,198.24359300746727,22.873640481194276,122.59244277049426,44.39683431005406,850.1392225329024,42.68487879682377,4091.6305559850075,52734.63996789282,44117.66367179184,209.35640699253275,26.246359518805722,132.28755722950572,49.20316568994593,870.7407774670977,47.71512120317624,4154.609444014992
4,1954,53568.76,44768.52,208.36,25.32,130.0,47.68,1093.16,58.04,5220.56,53511.683009643464,44698.201682647355,202.1775746377332,23.608615811689262,124.8490145926564,45.08785523038032,1077.9384493685216,55.22123196650262,5178.8026335389795,53625.83699035654,44838.83831735264,214.54242536226684,27.03138418831074,135.1509854073436,50.27214476961968,1108.3815506314786,60.85876803349738,5262.317366461021
5,1955,54479.72,45405.32,210.88,25.12,132.12,48.28,1328.84,70.32,6336.52,54418.570458425485,45331.36670220669,205.00509821018258,23.608892115036124,127.25630301382444,45.9211499750938,1312.6427295007254,67.01943138636183,6286.850836172665,54540.86954157452,45479.27329779331,216.7549017898174,26.63110788496388,136.98369698617557,50.638850024906205,1345.0372704992744,73.62056861363816,6386.1891638273355
6,1956,55336.8,46038.96,212.4,25.2,132.92,48.72,1566.48,81.6,7471.2,55271.28604101924,45960.138793936996,206.0377945123828,23.552356025511983,127.97328719518372,46.38845113568969,1549.589423989297,78.14165048999767,7418.055559889423,55402.31395898077,46117.781206063,218.76220548761722,26.847643974488015,137.86671280481627,51.051548864310305,1583.370576010703,85.05834951000232,7524.344440110576
7,1957,56234.0,46712.76,214.84,25.64,134.52,49.08,1806.92,94.8,8622.6,56161.71389972247,46622.19638498735,208.54082304635492,24.118083874409194,129.78328377037425,46.47504275658889,1787.3059844777601,90.93427574703006,8561.566007023408,56306.28610027753,46803.323615012654,221.1391769536451,27.161916125590807,139.25671622962577,51.684957243411105,1826.53401552224,98.66572425296994,8683.633992976593
8,1958,57162.44,47413.92,217.4,26.08,136.28,49.36,2056.4,109.2,9785.72,57081.916746444935,47314.022411536076,211.44641598138847,24.613619567324584,131.628670429508,47.00017302329175,2033.6645632253671,104.67498861879885,9717.24073771737,57242.96325355507,47513.81758846392,223.35358401861154,27.546380432675413,140.931329570492,51.71982697670825,2079.135436774633,113.72501138120116,9854.19926228263
9,1959,58072.88,48087.52,220.32,26.28,137.56,50.88,2291.4,121.88,10938.56,57985.106910689894,47984.58235497493,214.26646561861034,24.742846752380665,132.96328112381596,48.336225041400084,2267.6327605866113,117.2110841686747,10866.46839700936,58160.6530893101,48190.45764502506,226.37353438138965,27.817153247619338,142.15671887618404,53.42377495859992,2315.167239413389,126.54891583132529,11010.65160299064
10,1960,58870.2,48649.96,222.4,26.28,139.04,51.52,2535.96,135.08,12095.56,58774.436264010496,48539.08147128249,216.3134714875117,24.63033656765994,134.9325956420143,48.94669590344761,2509.530874704347,129.76877369088206,12020.50990653952,58965.9637359895,48760.83852871751,228.48652851248832,27.929663432340064,143.1474043579857,54.093304096552394,2562.3891252956532,140.39122630911797,12170.610093460478
11,1961,59641.76,49160.32,224.16,27.24,139.48,51.8,2766.64,148.44,13220.24,59537.55757619505,49045.41786787658,218.60741997266135,25.4319774632673,135.754074883558,49.318193131338916,2739.149907056784,142.60363031557,13139.070732243294,59745.96242380495,49275.22213212342,229.71258002733865,29.048022536732695,143.205925116442,54.28180686866108,2794.130092943216,154.27636968443,13301.409267756706
12,1962,60410.6,49650.48,225.72,27.84,140.12,52.36,3001.84,160.92,14318.76,60296.22553273275,49530.37505950501,220.31011594948654,25.954321087777668,136.62240210430073,49.70161564855644,2971.165597148545,155.1968,14232.39593511867,60524.974467267246,49770.584940495,231.12988405051345,29.72567891222233,143.61759789569928,55.01838435144356,3032.514402851455,166.64319999999998,14405.124064881331
13,1963,61182.56,50136.48,229.16,28.04,142.28,53.24,3231.84,172.2,15399.44,61056.59861696366,50006.32148185396,223.38694318753053,26.06866477736535,138.49035127749286,50.444496677400174,3202.347876244213,166.1493431761502,15308.041346353315,61308.521383036335,50266.63851814604,234.93305681246946,30.01133522263465,146.06964872250714,56.03550332259983,3261.3321237557875,178.25065682384977,15490.838653646686
14,1964,61933.28,50597.44,232.12,28.12,144.04,54.2,3451.6,183.92,16450.16,61805.057269378216,50466.40890194909,226.0426091914375,26.10739396801063,140.0416,51.23614125392814,3420.401708593792,177.97295819419435,16359.695812679123,62061.50273062178,50728.47109805091,238.19739080856252,30.132606031989372,148.0384,57.16385874607187,3482.7982914062077,189.86704180580563,16540.62418732088
15,1965,62678.16,51048.68,236.0,28.32,146.76,54.96,3671.6,194.72,17486.2,62546.85630119087,50911.59089121364,230.29463784380576,26.45123824240042,142.6810646617857,51.93736055298243,3639.091561874902,188.73047602559268,17394.744627363943,62809.46369880914,51185.769108786364,241.70536215619424,30.18876175759958,150.83893533821427,57.98263944701757,3704.108438125098,200.70952397440732,17577.655372636058
16,1966,63389.24,51487.76,238.28,28.6,147.8,56.0,3885.12,205.52,18507.96,63259.03116101114,51349.968873700716,232.56956766610443,26.686279713925433,143.86370055339623,52.8234291025279,3853.342135308153,199.1486231231651,18415.229869420848,63519.44883898886,51625.55112629929,243.99043233389557,30.51372028607457,151.7362994466038,59.1765708974721,3916.8978646918467,211.89137687683493,18600.69013057915
17,1967,64124.72,51957.56,241.2,28.8,149.96,56.56,4101.72,216.92,19551.48,63990.182047832444,51813.170284870794,235.4711197138242,26.90646010516458,145.82153685208306,53.36117431547138,4067.9070137357457,210.20153473080842,19455.74467527271,64259.25795216756,52101.9497151292,246.92888028617577,30.69353989483542,154.09846314791696,59.758825684528624,4135.532986264255,223.63846526919156,19647.21532472729
18,1968,64847.76,52408.56,244.32,29.16,152.04,57.36,4313.64,228.12,20580.04,64709.83028745955,52258.68619856105,238.54689882529905,27.482777406941267,147.80821520395943,54.08247989683257,4278.940087079456,221.64080403342103,20481.330534044468,64985.68971254046,52558.43380143894,250.09310117470093,30.837222593058733,156.27178479604055,60.63752010316743,4348.3399129205445,234.59919596657898,20678.749465955534
19,1969,65568.56,52857.88,248.16,29.4,154.64,58.12,4524.8,239.56,21605.92,65429.46925768492,52708.27522643409,242.45611936543781,27.744602363982196,150.43949851882738,54.80279047390732,4488.415374528977,233.27058833488113,21505.661518731627,65707.65074231508,53007.484773565906,253.86388063456218,31.0553976360178,158.8405014811726,61.43720952609267,4561.1846254710235,245.84941166511888,21706.17848126837
20,1970,66272.64,53205.32,251.24,29.96,156.0,59.12,4740.76,250.28,22607.12,66130.08259720136,53050.879515174376,245.65683182891053,28.21615064870844,151.946699780837,55.78354493911077,4702.949728783129,243.92129760826418,22502.195460758503,66415.19740279864,53359.76048482562,256.8231681710895,31.703849351291563,160.053300219163,62.456455060889226,4778.570271216871,256.6387023917358,22712.044539241495
21,1971,66993.0,53569.16,253.8,30.28,157.88,59.52,4951.8,261.8,23640.4,66852.0468347287,53418.318561296,247.73560247565075,28.3612010423184,153.3080855534397,56.11930115417434,4914.285238176597,255.2905570130771,23537.3154277563,67133.9531652713,53720.00143870401,259.8643975243493,32.1987989576816,162.4519144465603,62.92069884582567,4989.314761823403,268.30944298692293,23743.484572243702
22,1972,67717.28,53936.68,258.2,30.28,160.6,60.96,5168.76,273.64,24668.92,67570.31238625203,53783.13505778924,252.11662812797596,28.30853486631558,155.71963935758842,57.361064246197216,5128.375076325936,266.819425291077,24563.398075379693,67864.24761374797,54090.22494221076,264.283371872024,32.25146513368442,165.48036064241157,64.55893575380279,5209.144923674065,280.460574708923,24774.441924620303
23,1973,68412.84,54291.84,260.56,30.68,161.44,62.04,5383.08,284.88,25684.68,68265.58899978282,54141.781691711876,254.77320718417073,28.650287744531262,156.87823596693852,58.21175655249913,5343.573815510648,277.7929262004689,25574.829870005356,68560.09100021717,54441.89830828812,266.3467928158293,32.70971225546874,166.00176403306148,65.86824344750087,5422.586184489352,291.9670737995311,25794.530129994644
24,1974,69119.64,54667.92,262.72,31.12,162.56,62.72,5599.04,295.44,26710.92,68962.54265267031,54514.49978003892,257.20695050146173,29.091549925024857,157.61308010711042,58.991669885860425,5559.54944838876,288.297348361661,26594.8387941271,69276.73734732969,54821.34021996108,268.2330494985383,33.148450074975145,167.50691989288958,66.44833011413957,5638.53055161124,302.582651638339,26827.001205872897
25,1975,69830.08,55040.36,265.08,31.08,164.56,63.08,5810.32,307.2,27749.36,69668.46777163561,54882.59108351973,259.5699708796898,28.972293606784852,159.60532055258196,59.715644156751544,5768.937113700145,300.16126185551224,27628.28085762048,69991.6922283644,55198.12891648027,270.5900291203102,33.187706393215144,169.51467944741805,66.44435584324845,5851.702886299854,314.23873814448774,27870.43914237952
26,1976,70476.12,55412.16,267.68,31.64,165.4,64.04,6021.88,317.56,28780.92,70314.1125793581,55253.70854895071,262.7582010226612,29.600343976712413,160.7315230177998,60.45711142232975,5980.040798585059,310.47585391454976,28659.263986784157,70638.12742064189,55570.6114510493,272.60179897733883,33.679656023287585,170.06847698220022,67.62288857767027,6063.719201414941,324.64414608545025,28902.57601321584
27,1977,71103.68,55773.48,272.32,32.28,167.24,66.12,6230.4,329.28,29800.52,70936.98157865622,55613.87998208655,267.18679529858133,30.179596838699773,162.0305771119378,62.43172645989121,6186.729516848714,322.0461040390856,29676.396220143062,71270.37842134376,55933.08001791345,277.45320470141866,34.38040316130023,172.44942288806223,69.8082735401088,6274.070483151285,336.51389596091434,29924.64377985694
28,1978,71714.84,56133.96,275.32,32.72,169.24,66.88,6437.52,340.84,30809.52,71544.56590273045,55968.981994961265,269.67361226033256,30.577345546601908,163.91629939233997,63.17440759931694,6392.044463126058,333.33745725592536,30681.68175797788,71885.11409726954,56298.93800503873,280.9663877396674,34.862654453398086,174.56370060766005,70.58559240068305,6482.995536873943,348.3425427440746,30937.35824202212
29,1979,72312.0,56478.96,278.52,33.04,170.04,68.76,6642.72,351.4,31809.76,72135.12385446684,56304.48775914425,272.2407358732624,31.0142030638125,164.55494078792213,65.15253493987815,6593.84893903232,343.7325828773091,31675.45683543505,72488.87614553316,56653.43224085575,284.79926412673757,35.065796936187496,175.52505921207785,72.36746506012186,6691.59106096768,359.06741712269087,31944.06316456495
30,1980,72900.48,56823.68,281.64,33.56,171.96,69.36,6846.56,362.08,32806.92,72720.08704310689,56647.26004832832,275.2869791416471,31.544977644458175,166.56082550507332,65.88524926169757,6796.499732637284,354.2580527846322,32667.720487224604,73080.8729568931,57000.099951671684,287.99302085835285,35.575022355541826,177.3591744949267,72.83475073830243,6896.620267362717,369.9019472153678,32946.11951277539
31,1981,73461.12,57180.8,283.88,33.68,173.2,70.16,7058.44,372.56,33824.2,73275.92266686844,56996.82092732053,277.8237162902211,31.884628588100316,168.04777174418678,66.89069493215047,7007.614225694437,364.9579283244631,33677.14177775225,73646.31733313155,57364.77907267948,289.9362837097789,35.47537141189969,178.3522282558132,73.42930506784953,7109.265774305562,380.1620716755369,33971.25822224774
32,1982,74049.36,57583.76,285.68,33.88,174.88,69.88,7270.56,383.6,34869.8,73852.82861691316,57393.847318039334,279.9124467486926,32.158916124453356,169.5622679922107,66.79687576636944,7216.788196281943,375.6456834360204,34716.99062657023,74245.89138308684,57773.67268196067,291.4475532513074,35.60108387554665,180.19773200778928,72.96312423363055,7324.331803718058,391.5543165639796,35022.609373429776
33,1983,74685.12,58040.04,289.36,34.6,176.48,71.2,7495.6,394.48,35957.8,74477.48579488829,57847.24405162653,283.74641035581215,32.839633371519824,171.44833222082377,68.08859645818805,7440.706351697123,386.35437169772905,35795.00130193805,74892.7542051117,58232.835948373475,294.9735896441879,36.36036662848018,181.5116677791762,74.31140354181196,7550.493648302878,402.605628302271,36120.59869806196
34,1984,75347.12,58530.56,292.44,34.88,178.68,71.88,7724.8,404.6,37066.6,75133.71973041791,58332.54110914252,286.5370908505495,33.11846987725633,173.88471135661956,68.7474318778357,7669.568558616189,396.6079412748237,36899.34277478486,75560.52026958208,58728.578890857476,298.3429091494505,36.641530122743674,183.47528864338045,75.0125681221643,7780.031441383811,412.59205872517634,37233.857225215135
35,1985,76041.36,58943.56,294.2,34.84,179.84,72.48,7956.12,416.36,38202.36,75822.23454556041,58740.34929965076,287.77869379850694,32.97824071731422,175.0434297364332,69.04744361930257,7899.38504492784,408.117988310289,38030.00540837943,76260.4854544396,59146.77070034923,300.62130620149304,36.701759282685785,184.6365702635668,75.91255638069744,8012.85495507216,424.60201168971105,38374.71459162057
36,1986,76683.4,59366.6,296.72,35.28,181.28,73.12,8196.0,427.88,39343.64,76456.49229183064,59158.505282207036,290.98718706857915,33.31830206878497,176.89216741735362,69.66290964730936,8134.436340719544,419.94960973806036,39165.93363790222,76910.30770816935,59574.69471779296,302.4528129314209,37.24169793121503,185.66783258264638,76.57709035269065,8257.563659280455,435.81039026193963,39521.34636209778
37,1987,77314.64,59788.84,300.92,36.08,183.4,74.32,8434.68,440.96,40475.04,77084.51967058508,59579.98477276122,294.94396032141685,33.92126960769375,178.8665068655616,70.76358553596462,8372.24569593693,432.7775535915799,40292.559351638156,77544.76032941492,59997.69522723877,306.8960396785832,38.238730392306245,187.9334931344384,77.87641446403536,8497.11430406307,449.1424464084201,40657.520648361846
38,1988,77473.64,60073.8,302.8,36.16,184.96,74.68,8671.48,453.36,41617.0,77238.15820430015,59860.78589910838,297.28987792028767,33.98425285782868,180.56347926651085,71.41453568794064,8604.047727484238,444.71310433199676,41430.50626607131,77709.12179569984,60286.81410089163,308.31012207971236,38.335747142171314,189.35652073348916,77.94546431205937,8738.912272515761,462.00689566800327,41803.49373392869
39,1989,78147.08,60526.36,305.56,37.0,186.44,75.12,8911.0,464.8,42773.84,77905.54721053052,60310.46445401068,300.3915428066008,34.79119217676141,181.93614915581492,71.9047236966838,8840.597611214771,455.60260732598636,42586.568976882096,78388.61278946948,60742.25554598932,310.7284571933992,39.20880782323859,190.94385084418508,78.3352763033162,8981.402388785229,473.99739267401367,42961.1110231179
40,1990,78794.84,60882.4,307.28,37.32,187.12,75.56,9151.04,476.8,43923.88,78547.75318530061,60659.68445455844,301.70573794659776,35.09467339325962,182.50210245818872,72.29187019433643,9077.144579177328,467.2622283524924,43732.90828669746,79041.92681469939,61105.115545441564,312.8542620534022,39.54532660674038,191.7378975418113,78.82812980566358,9224.935420822674,486.3377716475076,44114.85171330254
41,1991,79359.52,61196.44,309.24,37.72,188.16,75.96,9385.36,489.64,45042.52,79109.56607071841,60966.9687758336,303.7470089362291,35.518392684120684,183.53467684444283,72.78649427919217,9310.740190659406,479.8767339126021,44848.60116450954,79609.4739292816,61425.911224166404,314.7329910637709,39.921607315879314,192.78532315555717,79.13350572080782,9459.979809340595,499.40326608739787,45236.43883549045
42,1992,79849.84,61446.64,311.12,37.84,188.96,76.84,9606.52,500.32,46109.28,79594.57550936406,61214.37956223951,304.76653571873317,35.53841135444812,183.99189936763221,73.2353757995227,9529.121577893087,490.6048300834897,45910.406937054206,80105.10449063593,61678.90043776049,317.47346428126684,40.141588645551884,193.9281006323678,80.4446242004773,9683.918422106914,510.0351699165103,46308.15306294579
43,1993,80191.0,61567.32,312.72,37.6,190.36,77.28,9807.68,512.4,47077.84,79933.94454912088,61333.09568858641,306.1066141722514,35.202168757675665,185.14124465413448,73.44500567927409,9728.105470818191,502.68003347056515,46879.369096692666,80448.05545087912,61801.54431141359,319.33338582774866,39.99783124232434,195.57875534586555,81.11499432072591,9887.25452918181,522.1199665294348,47276.31090330733
44,1994,80435.56,61591.64,314.96,37.76,192.24,77.36,9994.6,522.16,47965.72,80175.07656337156,61348.75724919344,308.37673374683965,35.1987666720894,187.04411430456753,73.34179285086827,9914.539977783332,512.2497624165715,47763.35532260107,80696.04343662843,61834.52275080656,321.5432662531603,40.3212333279106,197.4358856954325,81.37820714913173,10074.660022216669,532.0702375834285,48168.08467739893
45,1995,80685.08,61426.36,315.28,37.8,192.72,77.32,10174.08,531.8,48862.12,80418.7498726075,61177.393939631605,308.6608078962258,35.093590816844824,187.68400766746677,73.38741088170485,10092.641121817811,521.5166910643185,48656.343013553414,80951.4101273925,61675.326060368396,321.89919210377417,40.50640918315517,197.75599233253322,81.25258911829513,10255.518878182189,542.0833089356814,49067.89698644659
46,1996,80911.8,61269.12,315.92,37.76,193.44,77.28,10357.2,540.56,49753.32,80639.51106058454,61014.634690903964,309.283033656858,35.031725057843325,188.44926881509332,73.46341477583255,10275.661251648884,530.4240139226614,49541.48235975987,81184.08893941547,61523.60530909604,322.55696634314205,40.48827494215667,198.43073118490668,81.09658522416746,10438.738748351117,550.6959860773385,49965.157640240126
47,1997,81058.96,61028.88,316.84,38.12,193.44,77.8,10528.16,549.72,50586.72,80784.05659057306,60774.123819316635,310.3298882016768,35.234248040227065,188.79065304657382,73.86044875652061,10443.047263853796,539.5283015429223,50376.78849015904,81333.86340942695,61283.63618068336,323.35011179832316,41.00575195977293,198.08934695342617,81.73955124347938,10613.272736146204,559.9116984570777,50796.651509840965
48,1998,81148.8,60754.88,317.68,38.32,194.24,77.72,10689.08,557.8,51378.28,80876.97588703477,60505.9159856866,310.98272464554924,35.35890766101427,189.41601034826982,73.83194751750099,10603.418961453257,547.535386872041,51170.016510410234,81420.62411296523,61003.84401431339,324.3772753544508,41.28109233898573,199.0639896517302,81.608052482499,10774.741038546743,568.0646131279589,51586.54348958976
49,1999,81081.44,60316.16,317.92,38.36,193.8,78.4,10823.4,565.04,52045.36,80810.55539975279,60068.764577334936,310.7972402651781,35.34712019932203,188.704,74.52104825156762,10737.461952857499,554.7963166832758,51836.0773687617,81352.32460024722,60563.55542266507,325.0427597348219,41.37287980067797,198.89600000000002,82.27895174843239,10909.3380471425,575.2836833167241,52254.642631238305
50,2000,80948.36,59818.44,318.16,38.2,193.84,78.64,10940.56,571.0,52618.0,80679.04330737334,59574.61463241541,311.2315732694933,35.15515824165962,188.81908338779994,74.66827065037575,10854.555366757986,560.5750844607738,52406.22909729616,81217.67669262666,60062.265367584594,325.08842673050674,41.244841758340385,198.86091661220007,82.61172934962426,11026.564633242013,581.4249155392262,52829.77090270384
51,2001,80702.24,59310.64,318.8,38.8,194.08,78.44,11049.68,576.92,53155.12,80431.58833480378,59069.90104007447,311.90555315247605,35.812473040567944,188.71838187608753,74.53951792381164,10961.964381513288,566.7305633992845,52941.58098124767,80972.89166519624,59551.37895992553,325.694446847524,41.78752695943205,199.4416181239125,82.34048207618835,11137.395618486713,587.1094366007154,53368.65901875233
52,2002,80432.48,58668.32,316.68,38.92,193.04,77.44,11163.24,582.84,53700.24,80162.8095429344,58434.51741949847,309.4114912230912,35.93908119757236,187.2064832882157,73.59240467824382,11073.75193762205,572.5556451040104,53487.37556939961,80702.1504570656,58902.12258050153,323.9485087769088,41.90091880242765,198.87351671178428,81.28759532175617,11252.72806237795,593.1243548959897,53913.10443060038
53,2003,80188.12,58071.24,314.56,38.76,192.64,76.16,11285.2,588.8,54294.8,79917.92716176952,57844.38155625113,307.4083899882614,35.95763406624569,186.54203711392074,72.81901916198251,11195.428291197431,578.2093477695344,54078.87331356531,80458.31283823047,58298.098443748866,321.7116100117386,41.56236593375431,198.73796288607923,79.50098083801748,11374.97170880257,599.3906522304655,54510.7266864347
54,2004,80019.48,57521.76,313.0,38.48,191.12,76.4,11415.96,595.64,54935.4,79747.31387680687,57300.907589634706,305.6978490840027,35.74975447257943,184.9319434090069,73.00518041716501,11325.225301882025,585.1161323003374,54715.47160904816,80291.64612319312,57742.6124103653,320.3021509159973,41.21024552742056,197.30805659099312,79.794819582835,11506.694698117974,606.1638676996625,55155.32839095184
55,2005,79762.24,56890.4,311.0,38.32,189.96,75.8,11537.12,601.92,55529.56,79492.71958636344,56672.66246582946,304.4620949328805,35.63086857145286,184.12538582595215,72.64974075140896,11443.923747047571,591.457736148105,55309.62613363613,80031.76041363657,57108.13753417054,317.5379050671195,41.00913142854714,195.79461417404787,78.95025924859104,11630.31625295243,612.3822638518949,55749.49386636387
56,2006,79498.96,56266.08,309.2,38.32,188.8,75.24,11662.28,608.76,56145.24,79225.80545525554,56050.73890752985,302.5562071073821,35.35242795538171,182.97030406739196,72.19667262797225,11568.093789841047,598.4299260331786,55921.88282019115,79772.11454474447,56481.421092470155,315.8437928926179,41.287572044618294,194.62969593260806,78.28332737202774,11756.466210158955,619.0900739668214,56368.59717980884
57,2007,79301.6,55681.96,305.68,38.08,186.32,74.6,11798.04,616.08,56808.12,79024.86211273,55471.11250525583,299.25997020983027,35.1249682054728,180.32812473650083,71.47832438157539,11703.14910915569,605.1707496328422,56581.548597117,79578.33788727001,55892.80749474417,312.10002979016974,41.0350317945272,192.31187526349916,77.7216756184246,11892.93089084431,626.9892503671579,57034.69140288301
58,2008,79083.48,55071.24,302.44,37.64,184.4,73.92,11931.52,622.48,57469.08,78805.16827905271,54864.26689918697,295.4303574679826,34.54949162326541,177.8396093612245,70.71150135213784,11835.134945193908,610.9808953113732,57239.8585538955,79361.79172094728,55278.21310081302,309.4496425320174,40.73050837673459,190.96039063877552,77.12849864786216,12027.905054806093,633.9791046886269,57698.3014461045
59,2009,78912.8,54555.52,298.56,37.24,182.2,72.64,12078.36,630.36,58188.96,78630.5955726121,54349.57715250915,291.6701237243813,34.20721005892814,175.49672358718016,69.45964204949611,11980.411046467936,618.666676576211,57955.4082422362,79195.0044273879,54761.462847490846,305.4498762756187,40.27278994107186,188.90327641281982,75.82035795050389,12176.308953532065,642.053323423789,58422.5117577638
60,2010,78731.48,54025.76,294.68,36.68,179.12,72.32,12224.28,638.64,58907.08,78450.13437127859,53828.10979043735,288.08192847568324,33.53845157499257,172.5994322046824,69.32664939574396,12125.675017393778,626.5652333896951,58670.721771768134,79012.8256287214,54223.41020956265,301.2780715243168,39.82154842500743,185.64056779531762,75.31335060425603,12322.884982606223,650.7147666103049,59143.43822823187
61,2011,78554.92,53545.56,291.36,36.48,176.48,71.68,12377.8,646.24,59631.36,78274.18142173265,53349.64965522525,284.8036315417756,33.37865481228978,170.11163856972087,68.64417152878055,12278.931452847732,633.7613606981103,59392.72318155121,78835.65857826735,53741.470344774745,297.91636845822444,39.58134518771021,182.8483614302791,74.71582847121947,12476.668547152267,658.7186393018898,59869.99681844879
62,2012,78434.0,53143.24,287.84,35.8,174.96,70.4,12534.6,654.6,60399.88,78149.65603278657,52942.16608846456,281.27406825906127,32.78474102825865,168.84882183535777,67.23352309340491,12433.600836755943,641.9654724926758,60153.69405663393,78718.34396721343,53344.313911535435,294.4059317409387,38.81525897174134,181.07117816464225,73.5664769065951,12635.599163244058,667.2345275073243,60646.06594336606
63,2013,78300.88,52758.52,285.96,36.32,173.28,69.8,12689.44,663.44,61162.28,78016.74578431247,52560.22488043497,279.529248263746,33.2989708420253,167.28833845192617,67.06300895142128,12588.774260072787,650.8165855480117,60914.4395559664,78585.01421568754,52956.81511956502,292.39075173625395,39.3410291579747,179.27166154807384,72.53699104857871,12790.105739927214,676.0634144519884,61410.1204440336
64,2014,78220.56,52468.88,283.4,36.12,171.84,68.56,12853.04,672.2,61983.52,77939.6112663508,52268.51394683636,277.0398075500815,32.92469901678522,166.14510653070082,65.71050780664343,12749.950926062815,659.5229761642044,61734.791131710364,78501.5087336492,52669.24605316363,289.76019244991846,39.315300983214776,177.5348934692992,71.40949219335657,12956.129073937187,684.8770238357957,62232.24886828963
65,2015,78058.48,52113.56,281.8,35.44,170.56,68.84,13006.04,679.64,62733.24,77774.30140040113,51916.46402424429,276.1487610797867,32.48895762596784,164.98624335897833,66.41381871520971,12902.434115727468,666.87395359975,62483.113964854725,78342.65859959886,52310.655975755704,287.4512389202133,38.39104237403215,176.13375664102168,71.26618128479029,13109.645884272533,692.4060464002499,62983.36603514527
66,2016,77824.52,51771.8,279.32,35.08,169.04,68.32,13161.48,687.68,63478.88,77540.69719841545,51575.020327404825,273.86040015141526,32.25796298630463,163.78871166030024,65.62136160752624,13055.752207775628,674.8519934060924,63228.39326986237,78108.34280158456,51968.57967259518,284.7795998485847,37.90203701369536,174.29128833969975,71.01863839247375,13267.207792224372,700.5080065939075,63729.366730137626
67,2017,77607.36,51409.76,278.64,35.32,167.56,68.8,13313.28,695.28,64219.32,77328.7650024677,51214.73834927332,273.04011386782435,32.70082586044125,162.32629840106767,66.20469552203728,13207.197967502629,682.3829021310994,63968.29029556145,77885.9549975323,51604.78165072668,284.2398861321756,37.93917413955875,172.79370159893233,71.39530447796271,13419.362032497373,708.1770978689005,64470.34970443855
68,2018,77375.92,51030.48,275.84,35.08,165.72,68.16,13458.52,703.32,64929.12,77092.40719307544,50833.173437607096,270.36054665500285,32.48983200544829,160.4285807726093,65.36816363421254,13351.924880283821,690.7196133985236,64672.15228113171,77659.43280692455,51227.78656239291,281.3194533449971,37.670167994551704,171.0114192273907,70.95183636578746,13565.11511971618,715.9203866014765,65186.08771886829
69,2019,77129.6,50636.0,271.64,34.04,163.2,67.6,13602.76,711.04,65625.28,76848.71328510827,50442.17307726049,266.1579765876701,31.662333379129866,157.91042030655237,64.81201912966868,13494.838116515572,698.2736526800602,65367.533031536535,77410.48671489174,50829.82692273951,277.1220234123299,36.417666620870136,168.4895796934476,70.3879808703313,13710.681883484429,723.8063473199397,65883.02696846347
70,2020,76609.76,50229.92,268.88,33.64,161.8,66.72,13747.72,717.88,66348.4,76326.70025261765,50036.490873976436,263.4964540458913,31.25587933191292,156.56884359502288,63.84491760581834,13639.987818326617,704.79620109805,66085.08992046637,76892.81974738234,50423.34912602356,274.2635459541087,36.024120668087086,167.03115640497714,69.59508239418166,13855.452181673381,730.96379890195,66611.71007953362
71,2021,76074.04,49773.96,265.24,33.04,159.4,66.2,13888.2,725.4,67030.92,75795.65972318446,49576.51371174952,259.5997842689013,30.493307001881327,154.20322715524335,63.12169743743948,13779.241979900515,712.1684272539757,66763.80905706758,76352.42027681552,49971.40628825048,270.8802157310987,35.58669299811867,164.59677284475666,69.27830256256053,13997.158020099487,738.6315727460243,67298.03094293241
72,2022,75744.6,49357.76,263.2,33.28,157.24,66.24,14025.76,732.12,67708.6,75461.07025426833,49160.92345142523,257.7295279911145,30.60088719162481,151.98408052826784,63.27769704002668,13915.200462415825,718.2994193426374,67436.65724562206,76028.12974573168,49554.59654857477,268.6704720088855,35.959112808375195,162.49591947173218,69.20230295997331,14136.319537584175,745.9405806573626,67980.54275437795
73,2023,75549.84,49040.64,261.2,33.12,155.84,65.92,14172.56,740.04,68441.08,75263.40216213002,48839.10895069487,255.46441796036936,30.60915916341424,150.63992631847074,63.004229620380464,14061.018773538988,725.9604862811245,68166.42548323714,75836.27783786997,49242.17104930513,266.9355820396306,35.630840836585755,161.04007368152926,68.83577037961955,14284.10122646101,754.1195137188754,68715.73451676287
74,2024,75115.44,48593.52,259.8,33.04,154.44,66.04,14305.72,747.72,69093.2,74825.95281975577,48393.07021706678,253.72610789251792,30.59070570163567,149.3956743007613,63.32537051760896,14192.387387699862,732.925994093102,68815.14712067426,75404.92718024424,48793.969782933214,265.8738921074821,35.48929429836433,159.4843256992387,68.75462948239105,14419.052612300136,762.5140059068981,69371.25287932574
