Year;Population (mean ± CI);Target agents (mean ± CI);Affected people (mean ± CI);M694V homozygotes (mean ± CI);Compound hetero (mean ± CI);N allele (mean ± CI);Other homo (mean ± CI);Carrier births (mean ± CI);Affected births (mean ± CI);Healthy births (mean ± CI)
1950;50728.9 ± 16.8;42232.7 ± 32.5;208.0 ± 4.1;19.0 ± 1.2;95.7 ± 3.1;49.9 ± 2.0;3.0 ± 0.6;255338 ± 66127;12660 ± 3272;1396007 ± 360886
1951;51390.2 ± 21.0;42717.3 ± 32.0;211.4 ± 3.8;19.2 ± 1.1;98.6 ± 3.0;50.2 ± 2.0;3.1 ± 0.6;255967 ± 66089;12691 ± 3270;1399448 ± 360678
1952;52240.2 ± 25.7;43389.6 ± 33.4;215.2 ± 3.8;19.6 ± 1.3;101.2 ± 3.1;51.1 ± 1.9;3.2 ± 0.6;256556 ± 66072;12720 ± 3269;1402614 ± 360582
1953;53102.4 ± 36.7;44071.5 ± 43.5;218.6 ± 4.3;20.0 ± 1.3;104.2 ± 3.6;51.3 ± 1.9;3.2 ± 0.7;257251 ± 66025;12758 ± 3267;1406394 ± 360322
1954;53997.1 ± 40.8;44788.7 ± 46.0;223.5 ± 4.5;20.7 ± 1.3;107.5 ± 3.8;52.1 ± 2.0;3.4 ± 0.7;257950 ± 65977;12794 ± 3264;1410220 ± 360058
1955;54910.5 ± 43.5;45435.3 ± 48.9;229.2 ± 4.8;21.4 ± 1.4;111.3 ± 4.2;53.4 ± 2.2;3.4 ± 0.7;258646 ± 65935;12827 ± 3261;1413976 ± 359817
1956;55833.8 ± 45.3;46093.2 ± 49.3;232.4 ± 4.5;21.6 ± 1.4;114.2 ± 4.3;53.5 ± 2.2;3.4 ± 0.8;259413 ± 65877;12866 ± 3258;1418124 ± 359502
1957;56783.1 ± 47.9;46772.1 ± 52.9;235.2 ± 4.8;22.2 ± 1.3;116.4 ± 4.6;53.8 ± 2.3;3.3 ± 0.8;260148 ± 65819;12901 ± 3255;1422110 ± 359210
1958;57745.6 ± 49.3;47471.6 ± 56.2;239.0 ± 4.6;22.8 ± 1.3;118.9 ± 4.5;54.6 ± 2.3;3.4 ± 0.8;260907 ± 65780;12940 ± 3253;1426241 ± 358994
1959;58679.5 ± 54.0;48126.3 ± 60.6;242.8 ± 5.3;23.1 ± 1.4;121.7 ± 4.7;55.3 ± 2.4;3.5 ± 0.8;261684 ± 65708;12978 ± 3249;1430420 ± 358597
1960;59487.8 ± 56.6;48658.4 ± 62.1;245.8 ± 5.6;23.2 ± 1.4;123.7 ± 5.1;56.3 ± 2.4;3.6 ± 0.8;262400 ± 65649;13014 ± 3246;1434290 ± 358279
1961;60242.1 ± 60.2;49166.8 ± 69.0;248.4 ± 6.2;23.5 ± 1.5;125.5 ± 5.5;57.1 ± 2.2;3.5 ± 0.7;263157 ± 65589;13051 ± 3243;1438373 ± 357956
1962;60986.5 ± 66.0;49660.6 ± 71.9;253.6 ± 6.2;23.9 ± 1.6;128.8 ± 5.1;58.4 ± 2.2;3.7 ± 0.8;263892 ± 65548;13087 ± 3241;1442353 ± 357735
1963;61721.0 ± 70.3;50126.8 ± 73.9;256.3 ± 6.3;24.5 ± 1.6;130.5 ± 5.3;58.8 ± 2.7;3.9 ± 0.9;264689 ± 65494;13126 ± 3237;1446678 ± 357432
1964;62461.4 ± 73.0;50587.2 ± 77.6;260.0 ± 6.4;24.9 ± 1.6;133.3 ± 5.3;59.3 ± 2.8;4.0 ± 0.8;265427 ± 65443;13164 ± 3234;1450694 ± 357155
1965;63205.8 ± 71.5;51040.9 ± 76.8;263.3 ± 6.6;25.5 ± 1.7;135.7 ± 5.4;59.6 ± 2.8;4.1 ± 0.9;266223 ± 65367;13205 ± 3231;1455005 ± 356739
1966;63954.7 ± 80.3;51490.2 ± 83.0;267.2 ± 6.9;26.1 ± 1.8;138.0 ± 5.5;60.8 ± 2.8;4.1 ± 0.8;267053 ± 65304;13247 ± 3227;1459520 ± 356397
1967;64718.2 ± 83.4;51949.2 ± 86.6;270.0 ± 7.2;26.8 ± 1.9;139.3 ± 5.5;61.5 ± 2.9;4.4 ± 0.8;267801 ± 65248;13285 ± 3225;1463571 ± 356092
1968;65473.1 ± 86.8;52393.8 ± 90.8;273.8 ± 6.8;27.2 ± 1.9;141.8 ± 5.3;62.3 ± 2.9;4.6 ± 0.8;268612 ± 65179;13326 ± 3221;1468003 ± 355717
1969;66229.4 ± 86.1;52841.5 ± 92.4;277.2 ± 6.8;27.2 ± 1.9;143.7 ± 5.4;64.0 ± 2.9;4.5 ± 0.8;269405 ± 65114;13368 ± 3218;1472292 ± 355379
1970;66963.3 ± 87.4;53173.1 ± 89.5;280.2 ± 6.7;27.3 ± 1.9;145.5 ± 5.6;64.8 ± 2.8;4.7 ± 0.8;270222 ± 65033;13409 ± 3214;1476732 ± 354945
1971;67700.7 ± 97.1;53542.2 ± 95.4;283.8 ± 7.0;27.8 ± 2.0;147.7 ± 5.8;65.6 ± 3.1;4.8 ± 0.9;271079 ± 64950;13451 ± 3210;1481427 ± 354485
1972;68423.3 ± 98.8;53914.6 ± 97.4;285.7 ± 7.0;28.1 ± 2.0;148.8 ± 5.9;66.3 ± 3.2;4.8 ± 0.9;271873 ± 64872;13491 ± 3206;1485777 ± 354057
1973;69142.3 ± 103.4;54277.3 ± 97.5;288.6 ± 7.3;28.5 ± 2.1;150.9 ± 6.0;66.8 ± 3.4;4.9 ± 0.9;272690 ± 64778;13531 ± 3201;1490210 ± 353564
1974;69842.7 ± 101.8;54637.5 ± 93.8;291.1 ± 7.6;28.8 ± 2.4;152.5 ± 5.9;67.4 ± 3.4;5.0 ± 0.8;273594 ± 64679;13576 ± 3196;1495148 ± 353034
1975;70554.0 ± 103.8;55010.5 ± 96.3;294.1 ± 8.0;28.6 ± 2.3;154.1 ± 6.2;68.9 ± 3.5;4.9 ± 0.8;274428 ± 64590;13620 ± 3191;1499695 ± 352575
1976;71235.3 ± 108.5;55374.0 ± 99.8;295.8 ± 7.8;29.0 ± 2.4;155.2 ± 6.0;69.3 ± 3.5;5.0 ± 0.8;275290 ± 64493;13663 ± 3187;1504385 ± 352064
1977;71919.5 ± 113.4;55749.6 ± 100.2;298.3 ± 7.8;29.5 ± 2.3;156.6 ± 5.9;69.9 ± 3.8;4.9 ± 0.8;276144 ± 64395;13706 ± 3182;1508996 ± 351515
1978;72586.3 ± 117.0;56093.6 ± 104.6;299.9 ± 7.7;29.3 ± 2.4;158.3 ± 5.8;70.3 ± 3.7;5.0 ± 0.8;277004 ± 64300;13748 ± 3177;1513678 ± 351005
1979;73235.3 ± 117.8;56451.9 ± 105.1;302.3 ± 7.3;29.6 ± 2.4;160.2 ± 6.1;70.4 ± 3.6;5.1 ± 0.8;277866 ± 64201;13792 ± 3172;1518394 ± 350485
1980;73873.1 ± 122.1;56793.3 ± 110.6;305.0 ± 7.7;30.1 ± 2.6;162.4 ± 6.1;70.7 ± 3.7;5.3 ± 0.8;278732 ± 64105;13834 ± 3168;1523128 ± 349977
1981;74485.1 ± 123.8;57167.8 ± 111.7;307.9 ± 7.6;30.6 ± 2.7;163.4 ± 6.1;72.1 ± 3.8;5.3 ± 0.7;279634 ± 64000;13878 ± 3162;1528065 ± 349417
1982;75104.3 ± 128.2;57550.8 ± 114.4;308.3 ± 7.8;31.5 ± 2.6;165.8 ± 6.0;72.6 ± 3.9;5.3 ± 0.7;280508 ± 63919;13921 ± 3158;1532856 ± 348988
1983;75764.8 ± 133.7;57981.2 ± 118.3;309.4 ± 7.6;31.9 ± 2.7;168.2 ± 5.7;73.7 ± 4.0;5.4 ± 0.8;281400 ± 63831;13967 ± 3154;1537689 ± 348508
1984;76462.5 ± 132.4;58464.2 ± 122.1;311.0 ± 7.0;32.4 ± 2.7;170.7 ± 5.5;74.9 ± 4.0;5.6 ± 0.7;282256 ± 63752;14011 ± 3149;1542358 ± 348078
1985;77164.9 ± 133.2;58882.5 ± 125.5;311.4 ± 6.8;32.8 ± 2.7;172.3 ± 5.5;75.8 ± 3.9;5.5 ± 0.7;283161 ± 63653;14055 ± 3144;1547256 ± 347552
1986;77859.8 ± 138.0;59309.4 ± 130.6;312.5 ± 6.9;33.5 ± 2.6;174.7 ± 5.5;76.9 ± 3.9;5.5 ± 0.7;284068 ± 63558;14100 ± 3139;1552176 ± 347062
1987;78539.5 ± 137.9;59742.2 ± 132.2;312.7 ± 7.2;34.0 ± 2.7;176.7 ± 5.6;77.2 ± 3.9;5.6 ± 0.7;284950 ± 63469;14144 ± 3134;1556995 ± 346600
1988;78701.4 ± 143.5;60026.0 ± 135.6;312.1 ± 7.4;34.4 ± 2.8;178.0 ± 6.0;78.2 ± 3.8;5.6 ± 0.7;285849 ± 63384;14188 ± 3128;1561884 ± 346122
1989;79417.7 ± 143.7;60478.7 ± 132.5;313.7 ± 7.4;34.9 ± 2.7;180.3 ± 5.9;79.4 ± 3.9;5.7 ± 0.7;286737 ± 63293;14234 ± 3123;1566759 ± 345624
1990;80124.6 ± 152.3;60854.0 ± 142.3;313.1 ± 7.6;35.5 ± 2.7;181.3 ± 5.8;79.6 ± 4.0;5.9 ± 0.7;287665 ± 63185;14279 ± 3118;1571796 ± 345041
1991;80746.2 ± 158.1;61181.9 ± 144.7;313.0 ± 7.2;35.6 ± 2.7;182.7 ± 5.7;80.3 ± 3.6;6.0 ± 0.8;288593 ± 63085;14324 ± 3113;1576863 ± 344505
1992;81253.9 ± 161.0;61415.0 ± 154.0;312.6 ± 7.0;35.9 ± 2.6;183.4 ± 5.5;80.8 ± 3.6;6.0 ± 0.8;289447 ± 63010;14368 ± 3109;1581523 ± 344111
1993;81660.9 ± 164.4;61542.7 ± 159.2;313.4 ± 7.2;36.3 ± 2.7;184.8 ± 5.7;81.5 ± 3.8;6.2 ± 0.8;290342 ± 62908;14411 ± 3103;1586418 ± 343556
1994;81961.3 ± 163.0;61577.2 ± 160.6;315.6 ± 7.3;37.1 ± 2.7;186.3 ± 5.7;82.3 ± 3.7;6.3 ± 0.8;291195 ± 62813;14452 ± 3099;1591102 ± 343054
1995;82248.2 ± 168.0;61428.0 ± 162.8;313.5 ± 7.4;37.1 ± 2.7;185.3 ± 5.7;82.6 ± 3.7;6.2 ± 0.8;292067 ± 62713;14495 ± 3095;1595852 ± 342519
1996;82485.2 ± 170.3;61262.8 ± 168.9;312.4 ± 7.4;36.7 ± 2.7;185.4 ± 5.5;82.9 ± 3.8;6.1 ± 0.7;292879 ± 62626;14537 ± 3090;1600321 ± 342057
1997;82628.2 ± 173.5;61026.3 ± 168.4;310.9 ± 7.8;36.0 ± 2.6;185.4 ± 5.7;82.9 ± 3.8;6.1 ± 0.7;293654 ± 62540;14574 ± 3085;1604501 ± 341585
1998;82715.6 ± 173.4;60735.3 ± 170.2;310.5 ± 8.0;35.5 ± 2.7;186.0 ± 5.9;82.8 ± 3.7;6.2 ± 0.8;294444 ± 62451;14613 ± 3081;1608765 ± 341111
1999;82638.4 ± 178.9;60311.8 ± 172.4;311.1 ± 8.1;35.7 ± 2.7;186.0 ± 5.8;83.1 ± 3.8;6.2 ± 0.8;295252 ± 62366;14652 ± 3077;1613159 ± 340660
2000;82502.9 ± 182.2;59804.5 ± 169.4;310.2 ± 7.7;35.7 ± 2.8;185.3 ± 5.7;83.1 ± 3.6;6.2 ± 0.7;295943 ± 62290;14686 ± 3074;1616964 ± 340254
2001;82323.4 ± 184.9;59322.5 ± 174.0;310.1 ± 7.7;35.8 ± 2.8;185.3 ± 5.6;82.8 ± 3.6;6.2 ± 0.8;296692 ± 62213;14723 ± 3069;1621035 ± 339838
2002;82101.6 ± 185.8;58670.7 ± 173.5;309.2 ± 7.8;35.6 ± 2.8;184.6 ± 5.8;82.8 ± 3.5;6.3 ± 0.7;297448 ± 62138;14760 ± 3066;1625132 ± 339459
2003;81913.1 ± 184.8;58076.6 ± 167.1;308.5 ± 8.2;35.8 ± 2.7;183.5 ± 5.9;83.0 ± 3.8;6.3 ± 0.7;298180 ± 62050;14796 ± 3062;1629139 ± 338994
2004;81778.9 ± 187.9;57515.7 ± 170.4;306.3 ± 8.6;35.6 ± 2.9;182.5 ± 6.3;81.9 ± 3.5;6.3 ± 0.7;298889 ± 61981;14830 ± 3059;1632980 ± 338639
2005;81567.1 ± 189.4;56888.6 ± 167.1;303.6 ± 8.8;35.3 ± 2.8;180.8 ± 6.2;81.2 ± 3.4;6.3 ± 0.7;299604 ± 61902;14865 ± 3055;1636846 ± 338234
2006;81288.3 ± 190.4;56247.7 ± 163.8;302.2 ± 9.0;35.0 ± 2.8;180.3 ± 6.4;80.7 ± 3.4;6.2 ± 0.6;300319 ± 61828;14899 ± 3052;1640787 ± 337827
2007;81078.4 ± 189.6;55652.0 ± 163.1;300.6 ± 8.7;35.0 ± 2.5;179.3 ± 6.2;80.2 ± 3.7;6.1 ± 0.6;301046 ± 61738;14934 ± 3047;1644753 ± 337351
2008;80855.4 ± 193.0;55064.2 ± 167.0;298.9 ± 8.6;34.7 ± 2.5;178.0 ± 6.3;80.3 ± 3.5;6.0 ± 0.6;301738 ± 61654;14968 ± 3044;1648557 ± 336918
2009;80691.4 ± 192.1;54567.3 ± 161.9;294.8 ± 8.3;34.2 ± 2.4;175.5 ± 6.1;79.3 ± 3.4;5.8 ± 0.6;302496 ± 61556;15007 ± 3039;1652729 ± 336367
2010;80508.1 ± 192.6;54045.9 ± 159.6;292.1 ± 8.1;34.0 ± 2.3;174.1 ± 5.8;78.2 ± 3.3;5.8 ± 0.6;303208 ± 61485;15043 ± 3034;1656624 ± 335977
2011;80309.4 ± 193.7;53558.0 ± 157.8;289.1 ± 8.0;33.5 ± 2.2;171.8 ± 5.9;77.9 ± 3.2;5.8 ± 0.6;303960 ± 61399;15082 ± 3029;1660746 ± 335486
2012;80183.8 ± 200.0;53158.5 ± 157.9;286.1 ± 8.1;33.1 ± 2.1;169.9 ± 6.2;77.4 ± 3.0;5.7 ± 0.6;304706 ± 61307;15119 ± 3025;1664843 ± 334992
2013;80058.3 ± 197.2;52787.4 ± 160.0;283.1 ± 7.5;32.3 ± 1.9;168.6 ± 5.8;76.7 ± 3.2;5.5 ± 0.6;305453 ± 61198;15157 ± 3020;1668997 ± 334415
2014;79967.6 ± 197.6;52498.4 ± 156.6;280.0 ± 7.8;32.0 ± 1.9;166.3 ± 6.1;76.1 ± 3.1;5.5 ± 0.7;306153 ± 61123;15194 ± 3016;1672901 ± 334000
2015;79798.2 ± 201.7;52137.5 ± 159.3;276.5 ± 7.9;31.7 ± 2.0;164.2 ± 6.0;75.2 ± 3.1;5.4 ± 0.7;306869 ± 61049;15228 ± 3013;1676843 ± 333569
2016;79608.6 ± 209.9;51799.7 ± 162.4;273.1 ± 8.2;31.7 ± 2.0;162.3 ± 5.9;73.6 ± 3.1;5.5 ± 0.8;307548 ± 60975;15263 ± 3009;1680532 ± 333163
2017;79432.2 ± 212.2;51443.2 ± 169.5;270.8 ± 8.1;31.5 ± 1.9;160.9 ± 6.0;73.0 ± 3.1;5.4 ± 0.8;308206 ± 60895;15293 ± 3006;1684106 ± 332737
2018;79261.8 ± 213.1;51080.5 ± 166.8;267.8 ± 8.0;31.1 ± 1.9;159.4 ± 5.9;72.0 ± 3.0;5.3 ± 0.8;308872 ± 60821;15326 ± 3002;1687798 ± 332340
2019;79055.7 ± 213.3;50691.3 ± 172.1;264.5 ± 7.8;30.6 ± 2.0;157.4 ± 5.6;71.2 ± 3.1;5.2 ± 0.7;309556 ± 60727;15357 ± 2998;1691587 ± 331821
2020;78559.8 ± 217.2;50286.0 ± 176.0;261.1 ± 7.8;30.4 ± 1.9;155.3 ± 5.3;70.1 ± 3.4;5.3 ± 0.8;310241 ± 60649;15392 ± 2994;1695366 ± 331417
2021;78058.6 ± 218.9;49848.9 ± 175.1;259.3 ± 7.6;30.6 ± 2.0;154.0 ± 5.3;69.6 ± 3.4;5.1 ± 0.8;310883 ± 60573;15423 ± 2991;1698903 ± 331002
2022;77771.4 ± 223.2;49437.6 ± 177.1;257.8 ± 6.9;30.4 ± 2.0;153.4 ± 4.9;69.0 ± 3.4;5.0 ± 0.8;311526 ± 60505;15455 ± 2988;1702456 ± 330635
2023;77623.9 ± 230.9;49115.5 ± 177.8;255.6 ± 7.1;30.2 ± 2.0;152.4 ± 4.7;68.1 ± 3.4;4.8 ± 0.7;312191 ± 60423;15487 ± 2984;1706141 ± 330202
2024;77225.5 ± 233.8;48669.7 ± 180.9;253.3 ± 7.2;29.3 ± 2.0;151.3 ± 4.8;67.8 ± 3.2;4.9 ± 0.8;312811 ± 60354;15519 ± 2980;1709510 ± 329835
2025;76789.0 ± 239.0;48187.3 ± 183.5;250.7 ± 7.3;29.0 ± 2.1;149.6 ± 4.9;67.3 ± 3.2;4.8 ± 0.7;313429 ± 60289;15549 ± 2977;1712913 ± 329471
2026;76310.8 ± 236.7;47708.2 ± 179.4;248.8 ± 7.2;28.7 ± 1.9;148.3 ± 4.8;67.1 ± 3.1;4.7 ± 0.7;314036 ± 60232;15580 ± 2974;1716206 ± 329157
2027;75806.5 ± 239.5;47199.5 ± 181.2;247.2 ± 7.1;28.5 ± 2.0;147.5 ± 4.9;66.6 ± 3.0;4.6 ± 0.7;314634 ± 60166;15608 ± 2971;1719441 ± 328806
2028;75272.1 ± 243.4;46680.7 ± 177.6;245.9 ± 6.6;28.5 ± 1.9;146.3 ± 4.7;66.5 ± 3.0;4.7 ± 0.8;315279 ± 60106;15640 ± 2968;1722994 ± 328484
2029;74721.0 ± 241.7;46150.4 ± 179.0;242.5 ± 6.5;27.9 ± 1.9;144.1 ± 4.5;65.8 ± 3.0;4.6 ± 0.8;315882 ± 60042;15671 ± 2965;1726295 ± 328139
2030;74162.3 ± 245.2;45621.7 ± 177.2;239.6 ± 6.8;27.7 ± 2.1;142.1 ± 4.8;65.3 ± 3.1;4.6 ± 0.8;316538 ± 59968;15703 ± 2961;1729863 ± 327734
2031;73531.8 ± 247.7;45049.0 ± 176.4;236.1 ± 6.5;27.7 ± 1.9;139.4 ± 4.7;64.4 ± 2.8;4.6 ± 0.8;317112 ± 59907;15729 ± 2958;1733006 ± 327405
2032;72905.2 ± 245.4;44466.4 ± 170.3;233.5 ± 6.9;27.5 ± 2.0;138.1 ± 4.8;63.4 ± 2.8;4.5 ± 0.8;317751 ± 59849;15761 ± 2955;1736520 ± 327080
2033;72273.7 ± 245.5;43840.4 ± 168.4;230.6 ± 6.9;27.1 ± 2.0;136.1 ± 4.6;62.9 ± 2.8;4.5 ± 0.8;318369 ± 59780;15790 ± 2952;1739909 ± 326712
2034;71645.9 ± 247.8;43180.8 ± 170.6;226.7 ± 6.8;26.7 ± 2.0;133.3 ± 4.9;62.1 ± 2.7;4.5 ± 0.8;318951 ± 59723;15817 ± 2949;1743138 ± 326385
2035;71004.9 ± 246.2;42491.4 ± 164.6;223.3 ± 6.8;26.3 ± 2.1;131.3 ± 4.6;61.3 ± 2.8;4.5 ± 0.8;319516 ± 59668;15846 ± 2946;1746249 ± 326083
2036;70367.3 ± 241.9;41788.6 ± 159.5;218.7 ± 6.6;25.8 ± 2.0;128.3 ± 4.6;60.3 ± 2.4;4.3 ± 0.8;320085 ± 59603;15873 ± 2943;1749371 ± 325742
2037;69767.3 ± 243.2;41097.6 ± 164.9;214.7 ± 6.6;25.1 ± 2.1;125.6 ± 4.6;59.5 ± 2.4;4.4 ± 0.7;320600 ± 59552;15897 ± 2940;1752208 ± 325459
2038;69119.1 ± 242.4;40402.7 ± 162.8;210.5 ± 6.4;24.3 ± 1.9;123.3 ± 4.5;58.5 ± 2.2;4.4 ± 0.8;321190 ± 59496;15928 ± 2937;1755487 ± 325137
2039;68480.0 ± 244.7;39699.2 ± 165.6;206.9 ± 6.7;24.0 ± 2.0;121.2 ± 4.9;57.2 ± 2.2;4.4 ± 0.8;321730 ± 59441;15954 ± 2935;1758476 ± 324839
2040;67817.5 ± 240.6;38987.5 ± 160.5;201.2 ± 6.4;23.3 ± 1.9;118.1 ± 4.8;55.9 ± 2.2;4.0 ± 0.7;322263 ± 59384;15981 ± 2932;1761360 ± 324530
2041;67171.8 ± 241.1;38321.4 ± 162.0;198.3 ± 6.0;23.2 ± 1.7;116.1 ± 4.6;55.0 ± 2.1;4.0 ± 0.7;322802 ± 59326;16007 ± 2930;1764301 ± 324210
2042;66530.4 ± 244.5;37723.0 ± 161.9;193.8 ± 5.5;23.0 ± 1.7;113.2 ± 4.6;53.5 ± 1.9;4.0 ± 0.7;323317 ± 59265;16031 ± 2927;1767121 ± 323877
2043;65886.0 ± 242.5;37215.0 ± 164.1;191.1 ± 5.7;22.6 ± 1.5;112.0 ± 4.7;52.5 ± 1.8;4.0 ± 0.7;323831 ± 59213;16057 ± 2925;1769954 ± 323582
2044;65251.5 ± 242.1;36786.3 ± 160.7;189.0 ± 5.5;22.3 ± 1.4;111.0 ± 4.8;51.8 ± 1.8;3.9 ± 0.7;324351 ± 59160;16082 ± 2923;1772782 ± 323290
2045;64609.0 ± 238.9;36342.0 ± 158.4;187.0 ± 5.5;22.2 ± 1.3;110.0 ± 4.8;51.1 ± 1.8;3.8 ± 0.7;324831 ± 59109;16105 ± 2921;1775371 ± 323016
2046;63981.0 ± 240.8;35914.2 ± 157.8;185.6 ± 5.5;22.3 ± 1.3;108.5 ± 4.8;51.1 ± 1.9;3.7 ± 0.7;325355 ± 59054;16131 ± 2917;1778268 ± 322701
2047;63354.9 ± 239.8;35551.0 ± 156.3;182.8 ± 5.4;22.0 ± 1.3;106.9 ± 4.7;50.3 ± 1.9;3.6 ± 0.7;325848 ± 59008;16155 ± 2915;1781028 ± 322458
2048;62762.2 ± 242.0;35244.2 ± 155.2;180.7 ± 5.6;22.1 ± 1.4;105.7 ± 4.6;49.4 ± 1.8;3.5 ± 0.7;326321 ± 58973;16178 ± 2913;1783643 ± 322250
2049;62160.5 ± 241.7;35031.5 ± 155.2;180.3 ± 5.8;21.9 ± 1.4;105.2 ± 4.9;49.6 ± 2.0;3.6 ± 0.7;326842 ± 58911;16204 ± 2910;1786462 ± 321923
2050;61558.1 ± 241.0;34912.7 ± 159.0;180.6 ± 6.0;21.9 ± 1.5;105.2 ± 4.9;49.9 ± 2.0;3.6 ± 0.7;327315 ± 58869;16228 ± 2908;1789040 ± 321708
2051;60961.4 ± 243.0;34807.2 ± 161.1;179.4 ± 5.9;21.7 ± 1.5;104.6 ± 4.7;49.4 ± 1.9;3.7 ± 0.7;327804 ± 58816;16253 ± 2905;1791738 ± 321416
2052;60387.4 ± 245.8;34706.2 ± 164.6;179.3 ± 5.7;21.8 ± 1.6;104.3 ± 4.7;49.5 ± 1.9;3.7 ± 0.7;328267 ± 58760;16275 ± 2902;1794313 ± 321102
2053;59782.8 ± 245.8;34532.5 ± 162.4;178.6 ± 5.8;21.6 ± 1.5;104.0 ± 4.8;49.5 ± 2.0;3.5 ± 0.7;328768 ± 58720;16298 ± 2900;1797079 ± 320880
2054;59173.2 ± 238.1;34304.6 ± 159.2;177.6 ± 5.4;21.4 ± 1.6;103.0 ± 4.7;49.7 ± 2.1;3.5 ± 0.7;329244 ± 58682;16321 ± 2898;1799710 ± 320672
2055;58541.5 ± 241.8;34101.9 ± 166.2;176.7 ± 5.3;21.4 ± 1.7;102.5 ± 4.6;49.2 ± 2.1;3.6 ± 0.7;329716 ± 58635;16345 ± 2896;1802326 ± 320403
2056;57936.8 ± 239.0;33892.6 ± 160.4;176.3 ± 5.3;21.4 ± 1.7;102.5 ± 4.6;48.8 ± 2.2;3.6 ± 0.8;330180 ± 58592;16368 ± 2894;1804857 ± 320165
2057;57320.3 ± 238.9;33631.7 ± 162.9;175.9 ± 5.6;21.2 ± 1.8;102.2 ± 4.8;48.9 ± 2.2;3.5 ± 0.7;330672 ± 58565;16391 ± 2893;1807564 ± 320012
2058;56698.8 ± 235.2;33344.3 ± 161.5;174.9 ± 5.7;21.0 ± 1.8;101.7 ± 4.8;48.7 ± 2.3;3.5 ± 0.7;331142 ± 58522;16414 ± 2891;1810154 ± 319786
2059;56066.8 ± 234.6;32998.1 ± 160.5;172.8 ± 5.3;20.7 ± 1.7;100.6 ± 4.7;48.2 ± 2.2;3.3 ± 0.7;331605 ± 58498;16437 ± 2890;1812719 ± 319660
2060;55434.1 ± 234.8;32649.7 ± 162.3;170.4 ± 5.3;20.2 ± 1.8;99.3 ± 4.7;47.7 ± 2.4;3.2 ± 0.7;332077 ± 58472;16461 ± 2889;1815334 ± 319516
2061;54806.5 ± 233.2;32294.9 ± 161.0;167.6 ± 5.2;19.8 ± 1.6;98.1 ± 4.6;46.6 ± 2.4;3.1 ± 0.7;332528 ± 58443;16481 ± 2888;1817834 ± 319350
2062;54171.4 ± 234.5;31876.2 ± 159.9;165.7 ± 5.0;19.7 ± 1.7;96.8 ± 4.5;46.0 ± 2.3;3.2 ± 0.8;332985 ± 58414;16503 ± 2886;1820342 ± 319198
2063;53543.6 ± 228.1;31466.8 ± 153.0;163.3 ± 5.1;19.3 ± 1.8;95.4 ± 4.3;45.3 ± 2.3;3.2 ± 0.8;333455 ± 58386;16527 ± 2885;1822947 ± 319051
2064;52922.9 ± 228.0;31004.5 ± 156.6;159.8 ± 5.0;19.5 ± 1.8;92.5 ± 4.3;44.6 ± 2.2;3.2 ± 0.8;333914 ± 58351;16549 ± 2883;1825492 ± 318845
2065;52301.5 ± 228.9;30590.9 ± 151.6;158.2 ± 4.9;19.2 ± 1.7;91.3 ± 4.4;44.4 ± 2.2;3.2 ± 0.8;334337 ± 58328;16570 ± 2882;1827846 ± 318706
2066;51696.7 ± 229.6;30178.1 ± 146.7;155.6 ± 4.6;19.2 ± 1.7;89.8 ± 4.2;43.4 ± 2.1;3.2 ± 0.8;334743 ± 58301;16590 ± 2881;1830091 ± 318542
2067;51098.5 ± 225.2;29780.3 ± 143.8;152.7 ± 4.3;18.9 ± 1.7;88.4 ± 4.1;42.3 ± 2.0;3.1 ± 0.8;335193 ± 58263;16610 ± 2880;1832536 ± 318331
2068;50491.5 ± 222.4;29396.4 ± 140.6;150.1 ± 4.2;18.9 ± 1.7;86.8 ± 4.0;41.3 ± 2.2;3.0 ± 0.7;335629 ± 58247;16630 ± 2879;1834949 ± 318231
2069;49874.4 ± 224.0;29030.5 ± 140.3;147.8 ± 4.4;18.7 ± 1.7;85.4 ± 4.1;40.7 ± 2.3;3.0 ± 0.7;336040 ± 58219;16649 ± 2878;1837212 ± 318081
2070;49259.8 ± 220.6;28646.5 ± 136.3;144.8 ± 4.5;17.9 ± 1.6;83.7 ± 4.4;40.3 ± 2.1;2.9 ± 0.6;336431 ± 58201;16668 ± 2877;1839351 ± 317966
2071;48651.0 ± 216.0;28276.7 ± 135.9;142.9 ± 4.3;17.6 ± 1.6;82.7 ± 4.0;39.8 ± 2.3;2.8 ± 0.5;336867 ± 58180;16690 ± 2876;1841745 ± 317840
2072;48041.4 ± 211.7;27926.0 ± 137.2;140.9 ± 4.4;17.6 ± 1.4;80.9 ± 3.9;39.7 ± 2.3;2.7 ± 0.6;337246 ± 58158;16710 ± 2875;1843842 ± 317708
2073;47455.3 ± 212.9;27521.0 ± 133.4;139.3 ± 4.4;17.2 ± 1.4;80.3 ± 3.9;39.2 ± 2.3;2.7 ± 0.6;337667 ± 58137;16730 ± 2873;1846162 ± 317583
2074;46879.4 ± 212.7;27194.1 ± 131.4;137.3 ± 4.5;17.1 ± 1.4;78.3 ± 3.8;39.3 ± 2.3;2.6 ± 0.6;338045 ± 58121;16749 ± 2873;1848228 ± 317490
2075;46302.5 ± 213.3;26878.1 ± 131.1;135.1 ± 4.4;16.8 ± 1.5;77.1 ± 3.7;38.7 ± 2.4;2.6 ± 0.6;338428 ± 58094;16766 ± 2872;1850345 ± 317338
2076;45735.9 ± 213.9;26578.3 ± 133.5;133.7 ± 4.3;16.4 ± 1.5;76.6 ± 3.5;38.1 ± 2.4;2.5 ± 0.6;338850 ± 58087;16789 ± 2872;1852635 ± 317289
2077;45188.1 ± 213.2;26303.1 ± 133.5;132.1 ± 4.5;16.3 ± 1.4;76.1 ± 3.4;37.3 ± 2.4;2.5 ± 0.5;339238 ± 58076;16807 ± 2871;1854774 ± 317209
2078;44670.7 ± 213.1;26044.9 ± 131.4;130.7 ± 4.7;16.0 ± 1.4;75.3 ± 3.5;37.0 ± 2.5;2.4 ± 0.5;339650 ± 58068;16827 ± 2871;1857023 ± 317162
2079;44178.5 ± 213.8;25792.0 ± 131.7;129.4 ± 4.7;15.7 ± 1.5;74.5 ± 3.2;36.7 ± 2.5;2.4 ± 0.5;340034 ± 58060;16846 ± 2870;1859162 ± 317121
2080;43719.1 ± 213.2;25536.0 ± 131.8;127.1 ± 4.8;15.4 ± 1.5;73.2 ± 3.3;36.0 ± 2.4;2.5 ± 0.5;340416 ± 58055;16864 ± 2870;1861269 ± 317094
2081;43250.5 ± 211.5;25294.0 ± 131.0;125.9 ± 4.8;15.2 ± 1.4;73.0 ± 3.4;35.3 ± 2.4;2.5 ± 0.5;340802 ± 58039;16882 ± 2869;1863391 ± 317003
2082;42796.2 ± 209.9;25053.8 ± 131.0;124.9 ± 4.8;15.1 ± 1.4;72.2 ± 3.4;35.1 ± 2.4;2.4 ± 0.5;341184 ± 58029;16900 ± 2869;1865488 ± 316956
2083;42360.6 ± 208.3;24806.0 ± 131.9;123.4 ± 4.8;14.9 ± 1.4;71.2 ± 3.2;34.9 ± 2.4;2.4 ± 0.5;341527 ± 58020;16915 ± 2869;1867401 ± 316896
2084;41961.3 ± 204.5;24567.6 ± 131.1;122.1 ± 5.1;14.8 ± 1.4;70.5 ± 3.2;34.6 ± 2.6;2.3 ± 0.5;341875 ± 58018;16932 ± 2868;1869290 ± 316880
2085;41586.5 ± 200.8;24327.9 ± 131.5;121.3 ± 5.1;14.5 ± 1.3;70.3 ± 3.2;34.4 ± 2.5;2.2 ± 0.5;342246 ± 58016;16950 ± 2868;1871295 ± 316864
2086;41230.9 ± 198.2;24081.6 ± 129.4;119.4 ± 5.4;14.1 ± 1.4;69.5 ± 3.3;33.7 ± 2.4;2.1 ± 0.5;342579 ± 58008;16965 ± 2868;1873117 ± 316834
2087;40883.6 ± 200.6;23827.9 ± 128.9;118.8 ± 5.4;14.1 ± 1.3;69.7 ± 3.5;32.9 ± 2.3;2.1 ± 0.5;342948 ± 58000;16983 ± 2868;1875150 ± 316782
2088;40532.8 ± 198.1;23577.6 ± 130.7;117.5 ± 5.5;14.0 ± 1.3;69.0 ± 3.5;32.6 ± 2.4;1.9 ± 0.5;343284 ± 58001;17000 ± 2868;1877026 ± 316792
2089;40148.9 ± 196.3;23315.8 ± 130.6;116.6 ± 5.4;13.8 ± 1.3;68.7 ± 3.5;32.3 ± 2.2;1.8 ± 0.5;343577 ± 57988;17014 ± 2868;1878628 ± 316713
2090;39760.4 ± 195.2;23064.1 ± 134.6;115.0 ± 5.2;13.6 ± 1.3;67.9 ± 3.5;31.7 ± 2.0;1.8 ± 0.5;343924 ± 57976;17032 ± 2867;1880540 ± 316641
2091;39367.0 ± 195.1;22800.4 ± 132.0;114.0 ± 5.3;13.4 ± 1.2;67.3 ± 3.5;31.5 ± 1.9;1.8 ± 0.4;344251 ± 57968;17048 ± 2867;1882341 ± 316594
2092;38984.7 ± 195.7;22542.7 ± 128.8;112.9 ± 5.4;13.1 ± 1.2;66.8 ± 3.5;31.2 ± 1.9;1.8 ± 0.4;344546 ± 57962;17062 ± 2866;1883942 ± 316562
2093;38577.1 ± 194.9;22271.7 ± 127.1;111.8 ± 5.2;13.0 ± 1.3;66.2 ± 3.4;30.7 ± 2.0;1.8 ± 0.4;344836 ± 57968;17075 ± 2866;1885538 ± 316591
2094;38166.1 ± 193.9;22005.8 ± 126.1;110.4 ± 5.1;12.6 ± 1.4;65.3 ± 3.3;30.4 ± 1.9;2.0 ± 0.5;345174 ± 57964;17091 ± 2867;1887394 ± 316564
2095;37742.7 ± 193.8;21753.6 ± 128.7;108.7 ± 5.0;12.5 ± 1.4;64.0 ± 3.4;30.2 ± 2.0;2.0 ± 0.4;345477 ± 57962;17105 ± 2867;1889078 ± 316559
2096;37324.1 ± 193.5;21500.3 ± 130.2;108.1 ± 4.6;12.7 ± 1.4;63.7 ± 3.4;29.8 ± 1.9;1.9 ± 0.5;345780 ± 57965;17120 ± 2867;1890804 ± 316563
2097;36893.1 ± 193.5;21254.8 ± 134.0;107.0 ± 4.7;12.6 ± 1.4;63.2 ± 3.4;29.4 ± 1.8;1.9 ± 0.4;346107 ± 57967;17136 ± 2867;1892579 ± 316562
2098;36458.2 ± 194.0;20998.1 ± 133.4;106.1 ± 4.8;12.4 ± 1.3;63.3 ± 3.6;28.5 ± 1.8;1.8 ± 0.4;346413 ± 57962;17153 ± 2867;1894264 ± 316524
2099;36017.5 ± 189.7;20744.9 ± 130.2;104.5 ± 4.6;12.5 ± 1.2;62.3 ± 3.5;27.9 ± 1.8;1.8 ± 0.4;346675 ± 57962;17165 ± 2867;1895737 ± 316524
2100;35574.2 ± 191.6;20498.6 ± 130.7;102.7 ± 4.8;12.1 ± 1.2;61.3 ± 3.5;27.6 ± 1.7;1.8 ± 0.4;346992 ± 57963;17181 ± 2867;1897500 ± 316523
2101;35157.6 ± 189.5;20261.1 ± 129.9;101.1 ± 4.8;11.9 ± 1.1;60.4 ± 3.6;27.1 ± 1.7;1.8 ± 0.4;347279 ± 57957;17196 ± 2867;1899090 ± 316478
2102;34744.2 ± 188.1;20017.2 ± 128.2;100.0 ± 5.0;11.8 ± 1.1;60.0 ± 3.6;26.6 ± 1.7;1.6 ± 0.4;347556 ± 57957;17211 ± 2867;1900637 ± 316470
2103;34343.1 ± 185.6;19791.9 ± 126.0;99.2 ± 4.9;11.5 ± 1.1;60.1 ± 3.7;26.0 ± 1.6;1.6 ± 0.4;347809 ± 57955;17223 ± 2867;1902052 ± 316454
2104;33946.6 ± 181.7;19564.4 ± 125.7;97.8 ± 4.6;11.4 ± 1.1;58.8 ± 3.5;25.9 ± 1.5;1.7 ± 0.4;348071 ± 57955;17235 ± 2867;1903489 ± 316454
2105;33549.6 ± 183.0;19349.7 ± 122.6;96.6 ± 4.7;11.3 ± 1.1;58.0 ± 3.6;25.5 ± 1.6;1.7 ± 0.4;348329 ± 57951;17247 ± 2867;1904937 ± 316426
2106;33159.4 ± 184.2;19135.2 ± 126.2;95.4 ± 4.8;10.9 ± 1.2;57.6 ± 3.9;25.2 ± 1.3;1.7 ± 0.4;348570 ± 57946;17258 ± 2867;1906291 ± 316392
2107;32777.4 ± 182.6;18920.1 ± 124.7;94.6 ± 4.4;10.8 ± 1.1;57.1 ± 3.8;25.0 ± 1.3;1.7 ± 0.4;348873 ± 57956;17272 ± 2867;1907954 ± 316433
2108;32410.9 ± 183.0;18713.6 ± 125.4;93.8 ± 4.7;10.8 ± 1.1;56.7 ± 3.9;24.6 ± 1.3;1.7 ± 0.4;349120 ± 57959;17284 ± 2867;1909311 ± 316458
2109;32032.5 ± 183.4;18515.4 ± 123.8;92.4 ± 4.5;10.5 ± 1.2;55.8 ± 3.7;24.4 ± 1.4;1.7 ± 0.4;349403 ± 57965;17297 ± 2867;1910886 ± 316478
2110;31691.5 ± 179.2;18319.7 ± 120.8;90.9 ± 4.5;10.5 ± 1.2;54.9 ± 3.7;23.9 ± 1.5;1.6 ± 0.4;349671 ± 57983;17310 ± 2868;1912373 ± 316560
2111;31335.0 ± 175.3;18119.8 ± 120.9;89.7 ± 4.7;10.4 ± 1.2;54.0 ± 3.7;23.5 ± 1.4;1.7 ± 0.4;349957 ± 57989;17324 ± 2868;1913936 ± 316587
2112;30993.5 ± 174.0;17936.5 ± 119.2;88.7 ± 4.7;10.3 ± 1.1;53.5 ± 3.7;23.3 ± 1.4;1.7 ± 0.4;350208 ± 57991;17336 ± 2868;1915346 ± 316599
2113;30655.5 ± 172.4;17740.6 ± 118.2;88.6 ± 4.3;10.0 ± 1.2;53.4 ± 3.5;23.4 ± 1.4;1.7 ± 0.4;350501 ± 58008;17350 ± 2870;1916942 ± 316678
2114;30333.2 ± 168.9;17542.6 ± 117.5;87.3 ± 4.3;9.9 ± 1.2;52.7 ± 3.3;23.0 ± 1.5;1.7 ± 0.4;350738 ± 58007;17362 ± 2870;1918237 ± 316675
2115;30019.2 ± 170.6;17358.4 ± 116.1;86.5 ± 4.0;9.7 ± 1.2;51.7 ± 3.2;23.3 ± 1.5;1.8 ± 0.4;351011 ± 58023;17376 ± 2871;1919742 ± 316764
2116;29706.3 ± 174.2;17170.7 ± 118.5;86.0 ± 3.8;9.9 ± 1.2;51.5 ± 3.1;22.9 ± 1.6;1.7 ± 0.4;351266 ± 58036;17389 ± 2871;1921112 ± 316829
2117;29386.7 ± 174.9;16982.1 ± 119.7;85.0 ± 3.7;9.8 ± 1.2;51.0 ± 3.1;22.6 ± 1.6;1.7 ± 0.4;351517 ± 58037;17401 ± 2871;1922500 ± 316826
2118;29076.3 ± 177.2;16798.2 ± 121.5;83.7 ± 3.6;9.7 ± 1.2;50.1 ± 2.9;22.4 ± 1.6;1.6 ± 0.4;351765 ± 58045;17412 ± 2871;1923881 ± 316867
2119;28767.6 ± 179.6;16614.3 ± 120.2;83.0 ± 3.7;9.6 ± 1.2;49.5 ± 2.9;22.2 ± 1.6;1.7 ± 0.4;351984 ± 58059;17423 ± 2872;1925074 ± 316945
2120;28454.5 ± 175.4;16436.1 ± 120.0;81.8 ± 3.7;9.3 ± 1.2;49.0 ± 2.7;21.7 ± 1.7;1.7 ± 0.4;352209 ± 58058;17435 ± 2872;1926325 ± 316926
2121;28141.7 ± 175.7;16251.3 ± 120.2;81.1 ± 3.9;9.3 ± 1.2;48.5 ± 2.9;21.5 ± 1.5;1.7 ± 0.4;352449 ± 58075;17446 ± 2873;1927641 ± 317021
2122;27842.8 ± 177.3;16067.9 ± 120.3;80.1 ± 3.8;9.0 ± 1.2;48.2 ± 2.8;21.4 ± 1.7;1.6 ± 0.4;352672 ± 58083;17458 ± 2873;1928855 ± 317067
2123;27537.1 ± 178.1;15884.4 ± 123.2;79.2 ± 3.8;8.9 ± 1.2;47.7 ± 2.8;21.0 ± 1.6;1.5 ± 0.4;352865 ± 58087;17466 ± 2874;1929916 ± 317089
2124;27242.6 ± 175.8;15705.7 ± 120.3;78.2 ± 3.8;8.8 ± 1.3;46.9 ± 2.8;20.9 ± 1.7;1.6 ± 0.4;353113 ± 58099;17478 ± 2874;1931291 ± 317166
2125;26938.8 ± 176.7;15529.1 ± 120.3;77.1 ± 3.8;8.8 ± 1.2;46.1 ± 2.9;20.7 ± 1.7;1.5 ± 0.4;353343 ± 58113;17489 ± 2875;1932536 ± 317239
