,years,full_population,target_agents,total_affected,m694v_homozigotes,compound,n_allele,carrier_births,affected_births,normal_births
0,1950,50247,42167,183,22,111,46,183,9,1006
1,1975,69648,54677,264,26,167,63,5633,290,27686
2,2000,80258,59219,292,33,189,65,10598,521,52426
3,2012,77919,52625,274,33,170,66,12158,607,60288
4,2013,77758,52239,267,33,165,65,12315,613,61045
5,2014,77646,52004,270,35,166,65,12470,622,61865
6,2015,77497,51727,266,36,164,62,12623,632,62614
7,2016,77247,51381,264,38,160,62,12778,639,63367
8,2017,76989,50955,259,37,157,61,12923,644,64077
9,2018,76802,50637,253,35,155,59,13071,650,64769
10,2019,76575,50254,245,34,149,58,13225,658,65430
11,2020,76000,49805,244,35,149,57,13369,664,66161
12,2021,75420,49386,245,33,152,57,13505,674,66820
13,2022,75118,48951,242,32,150,57,13633,678,67517
14,2023,74915,48630,241,30,151,58,13773,681,68262
15,2024,74555,48227,238,29,146,61,13904,689,68954
16,1950,50256,42157,204,30,117,46,200,9,974
17,1975,69837,55059,288,46,172,65,5956,298,27786
18,2000,81061,60095,314,41,186,77,11105,587,52734
19,2012,78718,53358,284,34,178,61,12733,661,60468
20,2013,78571,52931,279,34,173,62,12884,669,61220
21,2014,78483,52655,283,34,174,65,13046,676,62033
22,2015,78380,52413,282,35,175,62,13199,687,62831
23,2016,78145,52058,278,35,174,59,13353,692,63595
24,2017,77910,51654,279,38,171,60,13485,702,64320
25,2018,77801,51287,278,37,174,57,13643,710,65078
26,2019,77585,50871,280,36,178,56,13777,720,65773
27,2020,76989,50489,280,35,179,56,13927,730,66522
28,2021,76432,50002,279,32,179,58,14091,737,67144
29,2022,76160,49589,282,30,179,63,14243,748,67838
30,2023,75950,49270,276,31,177,59,14374,762,68554
31,2024,75453,48739,279,31,177,62,14496,775,69185
32,1950,50343,42302,178,21,106,45,204,5,1067
33,1975,70152,55148,261,30,160,62,5696,320,28136
34,2000,81162,59991,306,45,181,73,10827,568,53093
35,2012,78771,53273,254,32,144,71,12438,639,60925
36,2013,78700,52880,248,30,143,68,12597,652,61731
37,2014,78615,52617,247,32,143,66,12777,660,62576
38,2015,78407,52258,247,32,142,67,12927,662,63326
39,2016,78186,51887,246,33,142,65,13045,669,64106
40,2017,77927,51553,248,34,143,65,13191,675,64857
41,2018,77643,51236,256,36,145,68,13323,680,65557
42,2019,77352,50857,255,37,148,63,13457,689,66272
43,2020,76721,50406,260,38,151,64,13591,700,66971
44,2021,76229,49983,251,36,145,64,13723,705,67672
45,2022,75954,49612,248,34,141,67,13871,713,68385
46,2023,75845,49358,244,32,139,67,14038,716,69130
47,2024,75407,48938,244,33,138,67,14176,720,69775
48,1950,50347,42241,207,27,126,51,206,11,1006
49,1975,70226,55481,256,37,144,71,5814,311,28095
50,2000,81621,60434,317,40,192,78,10875,564,53289
51,2012,79039,53544,294,43,176,70,12422,635,61105
52,2013,78945,53137,302,44,178,76,12570,643,61915
53,2014,78796,52893,296,42,177,73,12745,651,62738
54,2015,78659,52511,287,39,175,69,12892,660,63525
55,2016,78411,52150,288,38,177,69,13039,666,64326
56,2017,78165,51788,283,39,171,69,13183,672,65115
57,2018,78010,51436,282,40,170,68,13320,679,65874
58,2019,77761,51027,276,41,163,68,13478,681,66561
59,2020,77304,50626,276,39,164,68,13625,685,67307
60,2021,76780,50177,275,40,163,67,13762,689,67991
61,2022,76479,49785,270,40,157,67,13890,698,68732
62,2023,76318,49539,268,38,155,69,14037,702,69497
63,2024,75940,49143,268,39,153,70,14177,713,70183
64,1950,50214,42187,209,19,136,48,197,13,989
65,1975,70019,55149,311,33,206,66,5769,312,27963
66,2000,80931,59828,319,41,199,78,10904,581,52721
67,2012,78212,53171,296,46,167,81,12482,668,60481
68,2013,78083,52747,289,44,163,80,12643,675,61219
69,2014,77989,52392,287,43,160,82,12806,679,62040
70,2015,77850,52016,293,44,162,84,12960,687,62769
71,2016,77603,51638,289,44,160,81,13119,694,63502
72,2017,77304,51265,283,43,156,80,13270,703,64198
73,2018,77211,50935,282,43,156,80,13436,707,64919
74,2019,76972,50537,282,45,153,81,13605,717,65609
75,2020,76566,50189,272,45,147,76,13754,728,66369
76,2021,76072,49732,275,46,148,77,13903,732,67047
77,2022,75740,49258,269,45,148,72,14045,739,67718
78,2023,75586,48923,271,47,147,73,14202,743,68463
79,2024,75066,48331,267,43,148,72,14345,751,69046
80,1950,50383,42275,201,27,121,50,231,9,1035
81,1975,69999,55273,296,45,170,78,5879,324,27917
82,2000,81071,60025,332,45,200,78,11038,578,52852
83,2012,78691,53298,273,39,161,65,12699,651,60723
84,2013,78530,52901,270,40,159,64,12846,660,61485
85,2014,78516,52629,272,43,160,62,13018,672,62313
86,2015,78400,52376,271,42,158,64,13193,680,63116
87,2016,78105,52040,274,43,158,66,13327,689,63834
88,2017,77915,51676,270,40,160,63,13482,701,64523
89,2018,77757,51303,264,40,155,63,13608,709,65272
90,2019,77509,50861,263,40,154,63,13760,713,65940
91,2020,77011,50516,256,40,149,61,13909,727,66720
92,2021,76467,50163,252,38,146,62,14059,730,67444
93,2022,76117,49707,244,34,143,61,14207,735,68080
94,2023,75966,49384,243,34,143,61,14373,743,68857
95,2024,75624,48984,233,32,136,60,14494,749,69516
96,1950,50334,42183,172,22,104,41,209,10,1032
97,1975,69635,54800,262,32,146,72,5611,264,27909
98,2000,80280,59255,284,39,168,72,10623,522,52508
99,2012,77877,52767,284,41,172,69,12143,624,60417
100,2013,77869,52384,277,43,166,66,12299,637,61200
101,2014,77787,52145,273,41,166,64,12477,645,62006
102,2015,77715,51844,268,42,163,61,12620,653,62814
103,2016,77517,51540,267,41,162,62,12791,659,63552
104,2017,77299,51217,262,38,160,62,12922,668,64316
105,2018,77097,50842,263,41,157,63,13077,678,65019
106,2019,76810,50393,257,42,149,64,13217,684,65700
107,2020,76276,49997,255,43,146,64,13364,696,66397
108,2021,75737,49627,252,42,145,63,13519,706,67090
109,2022,75515,49217,253,42,144,65,13670,712,67763
110,2023,75396,48936,253,42,145,64,13822,727,68514
111,2024,74901,48447,253,41,146,64,13947,731,69151
112,1950,50251,42186,182,28,105,45,192,9,950
113,1975,69433,54509,267,32,162,63,5705,326,27421
114,2000,80286,59161,348,43,209,90,10844,589,51967
115,2012,77539,52504,312,32,191,83,12386,675,59589
116,2013,77503,52134,306,34,185,81,12542,682,60391
117,2014,77422,51870,308,34,187,81,12721,690,61162
118,2015,77268,51576,303,34,183,80,12873,699,61944
119,2016,77052,51247,297,33,181,77,13023,704,62719
120,2017,76828,50899,287,33,172,76,13184,709,63442
121,2018,76710,50594,278,33,164,75,13334,718,64218
122,2019,76435,50154,271,31,158,75,13491,721,64863
123,2020,75950,49781,271,31,156,77,13627,731,65613
124,2021,75451,49348,270,30,155,76,13778,739,66279
125,2022,75137,48953,269,29,156,75,13925,746,66948
126,2023,74959,48657,269,28,156,76,14065,756,67659
127,2024,74531,48202,263,27,153,74,14207,771,68302
128,1950,50311,42281,211,33,119,55,215,7,1002
129,1975,69288,54560,297,37,169,86,5535,283,27425
130,2000,79734,58635,299,37,181,72,10443,533,51907
131,2012,77126,52103,258,33,153,66,11942,602,59648
132,2013,76931,51742,259,32,152,69,12083,606,60401
133,2014,76759,51369,255,32,150,66,12225,614,61122
134,2015,76620,50950,252,32,151,64,12382,619,61840
135,2016,76398,50642,245,29,148,63,12530,626,62574
136,2017,76202,50266,247,29,146,67,12686,637,63298
137,2018,76010,49926,246,30,143,68,12831,646,64024
138,2019,75834,49584,248,31,145,68,12989,652,64747
139,2020,75391,49316,247,29,145,69,13114,658,65545
140,2021,74903,48830,247,31,146,66,13256,667,66217
141,2022,74498,48415,244,31,144,65,13391,673,66851
142,2023,74325,48120,242,27,143,69,13531,683,67588
143,2024,73919,47667,241,27,142,69,13668,689,68208
144,1950,50366,42319,221,29,128,60,205,14,1035
145,1975,69866,55022,299,53,180,61,5883,322,27620
146,2000,81264,60033,316,49,188,71,11055,578,52699
147,2012,78664,53317,282,44,163,69,12682,679,60451
148,2013,78537,52975,282,45,164,67,12836,691,61235
149,2014,78456,52698,279,48,161,64,12990,698,62086
150,2015,78299,52343,278,44,161,67,13138,708,62858
151,2016,78027,51897,278,44,162,66,13281,716,63580
152,2017,77832,51618,279,46,161,66,13442,727,64336
153,2018,77540,51177,284,47,161,70,13576,736,65008
154,2019,77248,50771,284,47,161,71,13718,744,65704
155,2020,76721,50374,282,45,161,72,13848,754,66410
156,2021,76191,49927,281,45,161,70,13989,763,67106
157,2022,75906,49528,281,44,159,74,14127,772,67771
158,2023,75689,49189,272,42,151,75,14267,780,68518
159,2024,75267,48762,269,39,152,74,14391,787,69180
160,1950,50268,42198,211,22,139,47,201,12,943
161,1975,69350,54721,274,30,166,75,5712,283,27537
162,2000,80696,59572,341,42,206,86,10820,574,52366
163,2012,78125,53062,315,44,183,80,12492,656,60087
164,2013,77888,52612,306,43,175,80,12643,664,60769
165,2014,77821,52351,303,43,174,78,12779,672,61576
166,2015,77698,52059,304,44,173,79,12949,679,62364
167,2016,77438,51671,303,45,171,79,13115,684,63085
168,2017,77258,51273,304,43,171,82,13261,689,63828
169,2018,76992,50876,300,42,169,81,13402,698,64535
170,2019,76716,50466,304,41,175,80,13543,705,65236
171,2020,76196,50069,305,41,180,76,13694,715,65940
172,2021,75697,49562,302,44,175,75,13836,719,66606
173,2022,75405,49163,300,44,173,75,13995,728,67265
174,2023,75215,48858,293,43,171,74,14146,734,67999
175,2024,74798,48404,285,43,163,74,14279,739,68633
176,1950,50284,42268,190,25,122,39,209,13,1007
177,1975,69730,54959,264,28,160,72,5844,300,27658
178,2000,80983,59932,296,37,171,81,11017,549,52665
179,2012,78447,53027,259,33,147,73,12633,625,60198
180,2013,78386,52762,260,34,146,73,12804,642,60969
181,2014,78335,52512,257,34,145,71,12991,648,61790
182,2015,78141,52078,260,34,147,72,13130,660,62538
183,2016,77918,51739,257,34,147,69,13272,669,63305
184,2017,77646,51388,257,35,147,68,13425,679,64017
185,2018,77466,51001,259,37,147,68,13568,689,64799
186,2019,77161,50620,259,39,147,67,13703,697,65498
187,2020,76626,50178,261,36,150,68,13851,699,66206
188,2021,76152,49921,261,34,151,70,14019,707,66946
189,2022,75841,49486,259,34,151,68,14156,716,67623
190,2023,75648,49245,256,33,151,66,14286,727,68381
191,2024,75233,48738,252,31,150,65,14417,733,69042
192,1950,50300,42372,203,26,126,43,214,8,1005
193,1975,70051,55123,276,36,148,81,5694,276,28011
194,2000,81289,60023,286,34,165,85,10776,508,53041
195,2012,78692,53242,260,38,150,67,12367,600,60825
196,2013,78614,52920,261,40,149,67,12517,610,61613
197,2014,78496,52583,260,40,147,68,12641,614,62424
198,2015,78358,52257,263,40,146,72,12793,616,63228
199,2016,78123,51890,261,42,142,72,12940,620,63960
200,2017,77892,51564,258,42,139,72,13106,632,64675
201,2018,77702,51255,258,41,139,71,13241,637,65457
202,2019,77458,50847,246,42,128,69,13378,646,66165
203,2020,76894,50375,240,42,124,67,13508,654,66875
204,2021,76340,49957,241,42,125,67,13644,663,67578
205,2022,76023,49586,245,45,124,69,13779,671,68265
206,2023,75892,49348,246,46,125,68,13939,678,69050
207,2024,75431,48799,237,43,123,65,14080,686,69701
208,1950,50325,42202,182,27,110,40,220,9,991
209,1975,69927,55253,276,31,166,77,5836,307,27793
210,2000,81222,59926,335,41,199,90,11090,562,52493
211,2012,78910,53555,304,40,169,91,12741,651,60379
212,2013,78764,53163,297,38,166,89,12910,656,61133
213,2014,78628,52830,292,37,163,88,13086,665,61894
214,2015,78453,52349,286,38,159,84,13230,671,62641
215,2016,78180,51902,286,40,158,84,13395,679,63355
216,2017,77909,51494,281,39,157,80,13547,687,64071
217,2018,77649,51083,280,38,160,77,13715,698,64773
218,2019,77413,50711,283,39,162,76,13874,703,65488
219,2020,76855,50255,278,38,161,73,14025,707,66143
220,2021,76337,49774,273,38,158,71,14181,709,66816
221,2022,75963,49333,267,37,155,69,14329,719,67456
222,2023,75736,48973,263,34,154,69,14477,722,68146
223,2024,75263,48596,252,31,147,68,14597,731,68822
224,1950,50224,42146,196,18,129,45,193,9,937
225,1975,69462,54673,285,26,179,74,5774,321,27423
226,2000,80125,59198,332,34,205,86,10962,600,51896
227,2012,77804,52777,311,33,188,82,12585,690,59621
228,2013,77719,52395,299,33,185,74,12735,696,60398
229,2014,77629,52054,292,34,183,69,12905,702,61185
230,2015,77452,51662,292,33,184,69,13055,707,61906
231,2016,77270,51311,289,34,178,70,13195,718,62638
232,2017,77017,50909,283,32,176,68,13335,726,63322
233,2018,76826,50493,278,30,176,66,13501,733,64026
234,2019,76642,50193,282,30,180,66,13662,746,64763
235,2020,76116,49735,276,28,178,64,13794,752,65448
236,2021,75559,49362,279,28,176,68,13942,764,66144
237,2022,75266,48946,274,28,171,69,14086,771,66806
238,2023,75126,48670,282,28,172,76,14233,778,67562
239,2024,74646,48156,275,28,166,75,14371,786,68174
240,1950,50262,42140,197,32,117,43,196,11,957
241,1975,69395,54604,251,24,162,58,5821,281,27301
242,2000,80112,59075,289,31,177,76,10838,557,51847
243,2012,77799,52945,290,30,176,79,12541,640,59588
244,2013,77778,52622,283,29,172,77,12691,646,60442
245,2014,77712,52365,282,31,167,80,12858,654,61268
246,2015,77528,52045,283,31,167,81,12999,666,62017
247,2016,77246,51640,280,32,166,79,13156,670,62753
248,2017,77005,51249,281,32,165,80,13323,676,63470
249,2018,76868,50879,278,33,165,76,13473,684,64224
250,2019,76652,50512,278,33,166,75,13638,691,64915
251,2020,76082,50093,279,32,168,75,13775,702,65619
252,2021,75598,49606,278,34,167,74,13913,711,66325
253,2022,75302,49210,275,36,164,72,14063,715,66969
254,2023,75117,48918,266,37,155,71,14211,719,67704
255,2024,74716,48499,262,39,150,69,14342,726,68371
256,1950,50236,41998,205,33,131,33,226,10,962
257,1975,69673,55002,259,36,158,61,5818,313,27659
258,2000,80876,59736,306,42,177,76,11006,560,52489
259,2012,78220,53052,255,33,133,78,12668,643,60139
260,2013,78104,52663,253,32,131,79,12811,648,60920
261,2014,78072,52374,244,32,125,76,12988,653,61741
262,2015,77888,52026,244,32,125,77,13126,668,62473
263,2016,77655,51599,235,30,123,73,13262,677,63197
264,2017,77411,51228,234,34,121,70,13415,683,63926
265,2018,77181,50812,239,33,126,71,13549,689,64632
266,2019,76942,50439,238,29,131,69,13699,698,65365
267,2020,76455,50031,238,29,133,68,13830,702,66085
268,2021,75933,49599,243,32,134,69,13973,715,66756
269,2022,75554,49126,251,33,140,70,14101,725,67419
270,2023,75288,48771,248,31,136,73,14242,729,68116
271,2024,74816,48254,248,29,137,74,14365,736,68774
272,1950,50328,42468,176,19,110,44,221,13,1043
273,1975,70089,55221,248,31,161,51,5689,306,28029
274,2000,81733,60514,284,31,179,69,10927,558,53371
275,2012,79291,54118,275,31,178,59,12538,636,61324
276,2013,79134,53669,273,30,178,58,12690,643,62071
277,2014,79066,53348,276,29,181,60,12874,655,62885
278,2015,78889,52963,277,29,181,61,13028,661,63636
279,2016,78621,52564,282,29,186,61,13159,668,64347
280,2017,78388,52201,280,27,185,62,13309,677,65121
281,2018,78162,51853,274,25,182,61,13465,682,65845
282,2019,77903,51440,276,24,184,63,13613,688,66543
283,2020,77355,51025,280,26,186,63,13760,697,67271
284,2021,76849,50638,277,26,183,62,13908,707,67975
285,2022,76517,50161,278,26,182,63,14036,712,68631
286,2023,76369,49774,282,29,181,65,14170,717,69387
287,2024,75939,49326,267,28,167,65,14298,724,70056
288,1950,50385,42406,196,28,120,44,228,10,1023
289,1975,70103,55218,275,42,165,61,5961,313,27800
290,2000,81417,60254,323,41,195,83,11251,589,52782
291,2012,79173,53539,282,40,176,61,12948,677,60637
292,2013,79058,53174,279,38,177,58,13113,692,61389
293,2014,78989,52840,281,38,178,59,13297,699,62174
294,2015,78815,52522,288,39,178,65,13470,707,62932
295,2016,78572,52164,281,34,174,67,13633,713,63696
296,2017,78395,51862,286,36,177,67,13802,714,64469
297,2018,78203,51566,284,35,177,66,13942,722,65214
298,2019,77943,51212,278,34,171,67,14105,730,65922
299,2020,77400,50870,276,32,174,64,14256,738,66669
300,2021,76971,50513,271,30,168,67,14407,743,67422
301,2022,76643,50125,264,28,164,66,14533,749,68106
302,2023,76520,49853,269,29,164,68,14689,758,68918
303,2024,76038,49389,271,31,162,71,14832,769,69516
304,1950,50345,42402,194,18,121,52,210,12,1029
305,1975,70407,55614,278,32,157,82,5888,330,28286
306,2000,82040,60788,364,31,224,103,11110,601,53525
307,2012,79602,53855,307,29,193,79,12813,689,61317
308,2013,79503,53464,310,29,197,78,12967,698,62110
309,2014,79339,53077,308,27,191,82,13124,704,62907
310,2015,79198,52756,303,28,188,79,13274,712,63689
311,2016,78897,52379,296,27,186,76,13428,718,64426
312,2017,78776,52101,297,28,187,75,13608,728,65191
313,2018,78550,51731,289,29,182,71,13744,736,65925
314,2019,78242,51415,287,28,182,70,13878,746,66653
315,2020,77757,51000,280,26,174,73,14036,756,67388
316,2021,77303,50577,282,27,174,74,14184,761,68158
317,2022,76968,50175,275,28,168,72,14291,772,68862
318,2023,76794,49791,268,28,164,69,14443,784,69569
319,2024,76395,49369,263,29,160,67,14602,792,70225
320,1950,50362,42273,203,31,121,44,201,14,1038
321,1975,69956,55129,285,28,193,59,5724,297,27900
322,2000,81312,60224,307,39,176,82,10779,552,53199
323,2012,78810,53833,284,39,157,76,12443,625,61076
324,2013,78731,53511,286,40,159,76,12591,628,61859
325,2014,78667,53178,289,40,163,76,12749,639,62674
326,2015,78424,52760,285,41,162,74,12907,644,63403
327,2016,78279,52403,285,41,159,77,13059,652,64170
328,2017,78091,52096,283,42,156,77,13201,658,64928
329,2018,77992,51729,277,43,151,75,13359,663,65687
330,2019,77724,51296,262,42,141,71,13498,671,66368
331,2020,77209,50942,256,41,137,70,13647,679,67114
332,2021,76649,50445,254,38,139,70,13793,687,67821
333,2022,76344,50019,250,38,134,71,13940,696,68488
334,2023,76144,49681,247,37,135,70,14073,699,69244
335,2024,75760,49233,245,36,133,71,14233,708,69878
336,1950,50271,42161,175,28,102,40,192,3,979
337,1975,69718,54973,271,35,170,60,5627,301,27772
338,2000,80565,59498,305,45,183,71,10627,546,52514
339,2012,77762,52665,264,37,169,54,12161,625,60142
340,2013,77602,52207,258,36,165,53,12308,634,60867
341,2014,77362,51837,253,37,159,53,12460,639,61648
342,2015,77196,51460,252,37,157,54,12586,651,62415
343,2016,76847,50996,257,39,158,55,12743,659,63097
344,2017,76591,50629,258,39,157,57,12910,668,63781
345,2018,76304,50218,263,40,159,58,13048,677,64439
346,2019,76076,49811,259,40,153,61,13190,681,65133
347,2020,75559,49391,253,36,151,61,13311,686,65845
348,2021,75045,48949,251,33,152,61,13458,692,66538
349,2022,74736,48527,249,31,150,63,13584,693,67238
350,2023,74629,48316,252,31,155,61,13726,695,68016
351,2024,74193,47850,241,30,149,58,13851,698,68661
352,1950,50254,42152,205,19,122,60,186,10,970
353,1975,69392,54592,285,38,171,68,5726,283,27337
354,2000,79726,58678,293,42,183,57,10715,542,51771
355,2012,77095,51921,283,39,162,73,12255,625,59342
356,2013,77012,51590,283,39,163,72,12414,635,60146
357,2014,76959,51319,284,40,164,72,12576,648,60941
358,2015,76767,50998,280,38,162,73,12740,655,61669
359,2016,76575,50660,274,37,157,74,12896,659,62428
360,2017,76363,50334,278,36,161,75,13044,668,63138
361,2018,76188,50034,282,36,167,73,13184,672,63900
362,2019,75936,49584,277,34,166,71,13308,678,64533
363,2020,75331,49167,276,35,168,68,13431,682,65244
364,2021,74768,48695,275,35,165,70,13547,692,65935
365,2022,74463,48346,275,35,163,72,13677,695,66571
366,2023,74299,48092,273,32,165,71,13805,704,67353
367,2024,73861,47625,271,31,164,71,13933,715,67963
368,1950,50269,42157,202,18,120,58,238,12,948
369,1975,69736,55161,286,34,172,70,5877,306,27633
370,2000,81169,59902,294,35,187,68,11043,583,52584
371,2012,78535,53113,296,38,183,70,12660,673,60336
372,2013,78375,52758,293,39,181,68,12820,683,61097
373,2014,78216,52405,292,40,177,70,12977,696,61860
374,2015,78042,52050,290,40,176,70,13126,706,62627
375,2016,77738,51725,288,41,174,69,13264,719,63364
376,2017,77459,51315,283,39,174,66,13416,724,64083
377,2018,77248,50982,280,38,174,64,13557,731,64804
378,2019,76998,50599,277,39,171,63,13706,740,65505
379,2020,76523,50188,270,40,165,61,13851,746,66231
380,2021,75990,49785,263,37,166,56,13983,757,66978
381,2022,75637,49371,263,38,163,58,14098,762,67659
382,2023,75490,49046,256,38,160,54,14244,771,68411
383,2024,75109,48614,249,36,155,54,14367,774,69057
384,1950,50362,42243,189,26,118,40,203,10,1040
385,1975,70205,55391,259,40,139,63,5868,299,28169
386,2000,81790,60607,289,40,155,78,11083,545,53310
387,2012,79242,53701,273,42,144,73,12666,614,61184
388,2013,79223,53417,275,41,146,73,12851,626,61977
389,2014,79170,53150,267,40,144,68,13026,631,62832
390,2015,78990,52831,260,40,141,65,13178,635,63585
391,2016,78850,52412,254,39,137,65,13350,647,64331
392,2017,78693,52104,260,40,141,67,13520,657,65081
393,2018,78459,51776,265,40,143,70,13665,667,65801
394,2019,78219,51444,264,41,143,69,13811,680,66531
395,2020,77648,50975,265,41,146,68,13965,691,67252
396,2021,77129,50520,262,40,143,69,14099,701,67950
397,2022,76723,50055,259,39,144,66,14234,710,68607
398,2023,76541,49744,260,36,145,70,14372,714,69369
399,2024,76080,49274,258,36,147,67,14493,726,70013
