year,n_runs,total_population_median,total_population_ci_low,total_population_ci_high,total_population_q25,total_population_q75,total_affected_median,total_affected_ci_low,total_affected_ci_high,total_affected_q25,total_affected_q75,prevalence_total_pct_median,prevalence_total_pct_ci_low,prevalence_total_pct_ci_high,prevalence_total_pct_q25,prevalence_total_pct_q75,on_colchicine_median,on_colchicine_ci_low,on_colchicine_ci_high,on_colchicine_q25,on_colchicine_q75,diagnosed_median,diagnosed_ci_low,diagnosed_ci_high,diagnosed_q25,diagnosed_q75,undiagnosed_symptomatic_median,undiagnosed_symptomatic_ci_low,undiagnosed_symptomatic_ci_high,undiagnosed_symptomatic_q25,undiagnosed_symptomatic_q75,prevented_births_total_median,prevented_births_total_ci_low,prevented_births_total_ci_high,prevented_births_total_q25,prevented_births_total_q75,m694v_homo_in_affected_pct_median,m694v_homo_in_affected_pct_ci_low,m694v_homo_in_affected_pct_ci_high,m694v_homo_in_affected_pct_q25,m694v_homo_in_affected_pct_q75,compound_in_affected_pct_median,compound_in_affected_pct_ci_low,compound_in_affected_pct_ci_high,compound_in_affected_pct_q25,compound_in_affected_pct_q75,hetero_in_affected_pct_median,hetero_in_affected_pct_ci_low,hetero_in_affected_pct_ci_high,hetero_in_affected_pct_q25,hetero_in_affected_pct_q75,other_homo_in_affected_pct_median,other_homo_in_affected_pct_ci_low,other_homo_in_affected_pct_ci_high,other_homo_in_affected_pct_q25,other_homo_in_affected_pct_q75,m694v_homo_absolute_median,m694v_homo_absolute_ci_low,m694v_homo_absolute_ci_high,m694v_homo_absolute_q25,m694v_homo_absolute_q75,m694v_homo_prevalence_pct_median,m694v_homo_prevalence_pct_ci_low,m694v_homo_prevalence_pct_ci_high,m694v_homo_prevalence_pct_q25,m694v_homo_prevalence_pct_q75,total_carriers_absolute_median,total_carriers_absolute_ci_low,total_carriers_absolute_ci_high,total_carriers_absolute_q25,total_carriers_absolute_q75
1950,2,1014.0,1012.1,1015.9,1013.0,1015.0,2.0,2.0,2.0,2.0,2.0,0.23696682464454977,0.23696682464454977,0.23696682464454977,0.23696682464454977,0.23696682464454977,0.5,0.025,0.975,0.25,0.75,0.5,0.025,0.975,0.25,0.75,1.5,1.025,1.975,1.25,1.75,0.0,0.0,0.0,0.0,0.0,0.0,0.0,0.0,0.0,0.0,25.0,1.25,48.75,12.5,37.5,50.0,50.0,50.0,50.0,50.0,0.0,0.0,0.0,0.0,0.0,0.0,0.0,0.0,0.0,0.0,0.0,0.0,0.0,0.0,0.0,1.0,1.0,1.0,1.0,1.0
1951,2,1030.0,1027.15,1032.85,1028.5,1031.5,2.0,2.0,2.0,2.0,2.0,0.2329651841198339,0.23257849176413123,0.2333518764755366,0.2327616618273588,0.23316870641230902,0.5,0.025,0.975,0.25,0.75,0.5,0.025,0.975,0.25,0.75,1.5,1.025,1.975,1.25,1.75,0.0,0.0,0.0,0.0,0.0,0.0,0.0,0.0,0.0,0.0,25.0,1.25,48.75,12.5,37.5,50.0,50.0,50.0,50.0,50.0,0.0,0.0,0.0,0.0,0.0,0.0,0.0,0.0,0.0,0.0,0.0,0.0,0.0,0.0,0.0,1.0,1.0,1.0,1.0,1.0
1952,2,1051.0,1041.5,1060.5,1046.0,1056.0,2.0,2.0,2.0,2.0,2.0,0.22836079441402385,0.22514132431012754,0.2315802645179202,0.22666633646460474,0.23005525236344299,0.5,0.025,0.975,0.25,0.75,0.5,0.025,0.975,0.25,0.75,1.5,1.025,1.975,1.25,1.75,0.0,0.0,0.0,0.0,0.0,0.0,0.0,0.0,0.0,0.0,25.0,1.25,48.75,12.5,37.5,50.0,50.0,50.0,50.0,50.0,0.0,0.0,0.0,0.0,0.0,0.0,0.0,0.0,0.0,0.0,0.0,0.0,0.0,0.0,0.0,1.0,1.0,1.0,1.0,1.0
1953,2,1070.0,1062.4,1077.6,1066.0,1074.0,2.0,2.0,2.0,2.0,2.0,0.22339748786967856,0.2199610831846927,0.2268338925546644,0.22158885382494917,0.22520612191440795,0.5,0.025,0.975,0.25,0.75,0.5,0.025,0.975,0.25,0.75,1.5,1.025,1.975,1.25,1.75,0.0,0.0,0.0,0.0,0.0,0.0,0.0,0.0,0.0,0.0,25.0,1.25,48.75,12.5,37.5,50.0,50.0,50.0,50.0,50.0,0.0,0.0,0.0,0.0,0.0,0.0,0.0,0.0,0.0,0.0,0.0,0.0,0.0,0.0,0.0,1.0,1.0,1.0,1.0,1.0
1954,2,1080.5,1071.475,1089.525,1075.75,1085.25,2.0,2.0,2.0,2.0,2.0,0.22090214925227486,0.21846868824863994,0.2233356102559098,0.21962138030299333,0.22218291820155642,0.5,0.025,0.975,0.25,0.75,0.5,0.025,0.975,0.25,0.75,1.5,1.025,1.975,1.25,1.75,0.0,0.0,0.0,0.0,0.0,0.0,0.0,0.0,0.0,0.0,25.0,1.25,48.75,12.5,37.5,50.0,50.0,50.0,50.0,50.0,0.0,0.0,0.0,0.0,0.0,0.0,0.0,0.0,0.0,0.0,0.0,0.0,0.0,0.0,0.0,1.0,1.0,1.0,1.0,1.0
1955,2,1103.5,1094.475,1112.525,1098.75,1108.25,2.0,2.0,2.0,2.0,2.0,0.2173071384391658,0.2147280178661643,0.2198862590121673,0.2159497065586387,0.21866457031969289,0.5,0.025,0.975,0.25,0.75,0.5,0.025,0.975,0.25,0.75,1.5,1.025,1.975,1.25,1.75,0.0,0.0,0.0,0.0,0.0,0.0,0.0,0.0,0.0,0.0,25.0,1.25,48.75,12.5,37.5,50.0,50.0,50.0,50.0,50.0,0.0,0.0,0.0,0.0,0.0,0.0,0.0,0.0,0.0,0.0,0.0,0.0,0.0,0.0,0.0,1.0,1.0,1.0,1.0,1.0
1956,2,1127.5,1124.175,1130.825,1125.75,1129.25,2.5,2.025,2.975,2.25,2.75,0.2663009489626669,0.21479967099002098,0.3178022269353128,0.2391950131875901,0.2934068847377437,0.5,0.025,0.975,0.25,0.75,0.5,0.025,0.975,0.25,0.75,2.0,1.05,2.95,1.5,2.5,0.0,0.0,0.0,0.0,0.0,0.0,0.0,0.0,0.0,0.0,41.666666666666664,33.74999999999999,49.583333333333336,37.5,45.83333333333333,41.666666666666664,33.74999999999999,49.583333333333336,37.5,45.83333333333333,0.0,0.0,0.0,0.0,0.0,0.0,0.0,0.0,0.0,0.0,0.0,0.0,0.0,0.0,0.0,1.0,1.0,1.0,1.0,1.0
1957,2,1143.5,1137.325,1149.675,1140.25,1146.75,2.5,2.025,2.975,2.25,2.75,0.26517108899323727,0.21389213417511063,0.31645004381136393,0.23818216540474957,0.292160012581725,0.5,0.025,0.975,0.25,0.75,0.5,0.025,0.975,0.25,0.75,2.0,1.05,2.95,1.5,2.5,0.0,0.0,0.0,0.0,0.0,0.0,0.0,0.0,0.0,0.0,41.666666666666664,33.74999999999999,49.583333333333336,37.5,45.83333333333333,41.666666666666664,33.74999999999999,49.583333333333336,37.5,45.83333333333333,0.0,0.0,0.0,0.0,0.0,0.0,0.0,0.0,0.0,0.0,0.0,0.0,0.0,0.0,0.0,1.0,1.0,1.0,1.0,1.0
1958,2,1156.0,1146.5,1165.5,1151.0,1161.0,3.0,2.05,3.95,2.5,3.5,0.31535990848292855,0.2136846620908131,0.41703515487504395,0.26184662090813093,0.3688731960577261,0.5,0.025,0.975,0.25,0.75,0.5,0.025,0.975,0.25,0.75,2.5,1.075,3.925,1.75,3.25,0.0,0.0,0.0,0.0,0.0,0.0,0.0,0.0,0.0,0.0,50.0,50.0,50.0,50.0,50.0,37.5,25.625,49.375,31.25,43.75,0.0,0.0,0.0,0.0,0.0,0.0,0.0,0.0,0.0,0.0,0.0,0.0,0.0,0.0,0.0,1.0,1.0,1.0,1.0,1.0
1959,2,1178.5,1178.025,1178.975,1178.25,1178.75,3.5,2.075,4.925,2.75,4.25,0.36087859445272585,0.21351718075144288,0.5082400081540088,0.28331995566257695,0.4384372332428748,1.0,0.05,1.95,0.5,1.5,1.0,0.05,1.95,0.5,1.5,2.5,0.125,4.875,1.25,3.75,0.0,0.0,0.0,0.0,0.0,0.0,0.0,0.0,0.0,0.0,45.0,40.25,49.75,42.5,47.5,45.0,40.25,49.75,42.5,47.5,0.0,0.0,0.0,0.0,0.0,0.0,0.0,0.0,0.0,0.0,0.0,0.0,0.0,0.0,0.0,1.5,1.025,1.975,1.25,1.75
1960,2,1187.0,1186.05,1187.95,1186.5,1187.5,3.5,2.075,4.925,2.75,4.25,0.35881855725890516,0.21201651519695958,0.5056205993208508,0.2815543245947233,0.436082789923087,1.0,0.05,1.95,0.5,1.5,1.0,0.05,1.95,0.5,1.5,2.5,0.125,4.875,1.25,3.75,0.0,0.0,0.0,0.0,0.0,0.0,0.0,0.0,0.0,0.0,45.0,40.25,49.75,42.5,47.5,45.0,40.25,49.75,42.5,47.5,0.0,0.0,0.0,0.0,0.0,0.0,0.0,0.0,0.0,0.0,0.0,0.0,0.0,0.0,0.0,1.5,1.025,1.975,1.25,1.75
1961,2,1204.5,1192.625,1216.375,1198.25,1210.75,3.5,2.075,4.925,2.75,4.25,0.35621065561185317,0.20743129126362655,0.5049900199600798,0.27790572700752336,0.43451558421618297,1.0,0.05,1.95,0.5,1.5,1.0,0.05,1.95,0.5,1.5,2.5,0.125,4.875,1.25,3.75,0.0,0.0,0.0,0.0,0.0,0.0,0.0,0.0,0.0,0.0,45.0,40.25,49.75,42.5,47.5,45.0,40.25,49.75,42.5,47.5,0.0,0.0,0.0,0.0,0.0,0.0,0.0,0.0,0.0,0.0,0.0,0.0,0.0,0.0,0.0,1.5,1.025,1.975,1.25,1.75
1962,2,1216.5,1204.625,1228.375,1210.25,1222.75,3.0,1.1,4.9,2.0,4.0,0.3018244477802702,0.10924384875174889,0.4944050468087915,0.200466237765259,0.4031826577952814,0.5,0.025,0.975,0.25,0.75,0.5,0.025,0.975,0.25,0.75,2.5,0.125,4.875,1.25,3.75,0.0,0.0,0.0,0.0,0.0,0.0,0.0,0.0,0.0,0.0,20.0,1.0,39.0,10.0,30.0,70.0,41.5,98.5,55.0,85.0,0.0,0.0,0.0,0.0,0.0,0.0,0.0,0.0,0.0,0.0,0.0,0.0,0.0,0.0,0.0,1.5,1.025,1.975,1.25,1.75
1963,2,1236.0,1229.35,1242.65,1232.5,1239.5,2.5,1.075,3.925,1.75,3.25,0.24812686631166136,0.10536133353084726,0.3908923990924755,0.17298711221649604,0.3232666204068267,0.5,0.025,0.975,0.25,0.75,0.5,0.025,0.975,0.25,0.75,2.0,0.1,3.9,1.0,3.0,0.0,0.0,0.0,0.0,0.0,0.0,0.0,0.0,0.0,0.0,12.5,0.625,24.375,6.25,18.75,75.0,51.25,98.75,62.5,87.5,0.0,0.0,0.0,0.0,0.0,0.0,0.0,0.0,0.0,0.0,0.0,0.0,0.0,0.0,0.0,1.5,1.025,1.975,1.25,1.75
1964,2,1247.0,1239.4,1254.6,1243.0,1251.0,2.5,1.075,3.925,1.75,3.25,0.2472408234126984,0.10513547867063491,0.38934616815476186,0.1724485367063492,0.3220331101190476,0.5,0.025,0.975,0.25,0.75,0.5,0.025,0.975,0.25,0.75,2.0,0.1,3.9,1.0,3.0,0.0,0.0,0.0,0.0,0.0,0.0,0.0,0.0,0.0,0.0,12.5,0.625,24.375,6.25,18.75,75.0,51.25,98.75,62.5,87.5,0.0,0.0,0.0,0.0,0.0,0.0,0.0,0.0,0.0,0.0,0.0,0.0,0.0,0.0,0.0,1.5,1.025,1.975,1.25,1.75
1965,2,1256.5,1251.275,1261.725,1253.75,1259.25,3.0,1.1,4.9,2.0,4.0,0.2946968976086875,0.10759897000262401,0.481794825214751,0.19622430413181197,0.393169491085563,0.5,0.025,0.975,0.25,0.75,0.5,0.025,0.975,0.25,0.75,2.5,0.125,4.875,1.25,3.75,0.0,0.0,0.0,0.0,0.0,0.0,0.0,0.0,0.0,0.0,20.0,1.0,39.0,10.0,30.0,70.0,41.5,98.5,55.0,85.0,0.0,0.0,0.0,0.0,0.0,0.0,0.0,0.0,0.0,0.0,0.0,0.0,0.0,0.0,0.0,1.5,1.025,1.975,1.25,1.75
1966,2,1269.5,1266.175,1272.825,1267.75,1271.25,3.0,1.1,4.9,2.0,4.0,0.2918770710204328,0.10664811711691312,0.47710602492395254,0.1943881479133172,0.38936599412754846,0.5,0.025,0.975,0.25,0.75,0.5,0.025,0.975,0.25,0.75,2.5,0.125,4.875,1.25,3.75,0.0,0.0,0.0,0.0,0.0,0.0,0.0,0.0,0.0,0.0,20.0,1.0,39.0,10.0,30.0,70.0,41.5,98.5,55.0,85.0,0.0,0.0,0.0,0.0,0.0,0.0,0.0,0.0,0.0,0.0,0.0,0.0,0.0,0.0,0.0,1.5,1.025,1.975,1.25,1.75
1967,2,1286.0,1286.0,1286.0,1286.0,1286.0,3.5,2.075,4.925,2.75,4.25,0.3367250612857161,0.19900307952641427,0.47444704304501795,0.2642398077281888,0.4092103148432434,0.5,0.025,0.975,0.25,0.75,0.5,0.025,0.975,0.25,0.75,3.0,1.1,4.9,2.0,4.0,0.0,0.0,0.0,0.0,0.0,0.0,0.0,0.0,0.0,0.0,30.0,1.5,58.5,15.0,45.0,60.0,22.0,98.0,40.0,80.0,0.0,0.0,0.0,0.0,0.0,0.0,0.0,0.0,0.0,0.0,0.0,0.0,0.0,0.0,0.0,1.5,1.025,1.975,1.25,1.75
1968,2,1301.0,1299.1,1302.9,1300.0,1302.0,3.5,2.075,4.925,2.75,4.25,0.33374205895836817,0.1979848128715825,0.46949930504515386,0.26229087680742835,0.40519324110930804,0.5,0.025,0.975,0.25,0.75,0.5,0.025,0.975,0.25,0.75,3.0,1.1,4.9,2.0,4.0,0.0,0.0,0.0,0.0,0.0,0.0,0.0,0.0,0.0,0.0,30.0,1.5,58.5,15.0,45.0,60.0,22.0,98.0,40.0,80.0,0.0,0.0,0.0,0.0,0.0,0.0,0.0,0.0,0.0,0.0,0.0,0.0,0.0,0.0,0.0,1.5,1.025,1.975,1.25,1.75
1969,2,1317.5,1316.075,1318.925,1316.75,1318.25,4.0,2.1,5.9,3.0,5.0,0.37593984962406013,0.19736842105263158,0.5545112781954886,0.28195488721804507,0.46992481203007513,1.0,1.0,1.0,1.0,1.0,1.0,1.0,1.0,1.0,1.0,3.0,1.1,4.9,2.0,4.0,0.0,0.0,0.0,0.0,0.0,0.0,0.0,0.0,0.0,0.0,33.33333333333333,1.6666666666666665,64.99999999999999,16.666666666666664,49.99999999999999,58.33333333333333,18.749999999999996,97.91666666666667,37.5,79.16666666666666,0.0,0.0,0.0,0.0,0.0,0.0,0.0,0.0,0.0,0.0,0.0,0.0,0.0,0.0,0.0,1.5,1.025,1.975,1.25,1.75
1970,2,1331.5,1328.175,1334.825,1329.75,1333.25,4.5,2.125,6.875,3.25,5.75,0.4216554517724447,0.1989853943114687,0.6443255092334207,0.3044606846877205,0.5388502188571689,1.0,1.0,1.0,1.0,1.0,1.0,1.0,1.0,1.0,1.0,3.5,1.125,5.875,2.25,4.75,0.0,0.0,0.0,0.0,0.0,0.0,0.0,0.0,0.0,0.0,28.57142857142857,1.4285714285714286,55.71428571428571,14.285714285714285,42.857142857142854,64.28571428571428,30.357142857142854,98.21428571428571,46.42857142857143,82.14285714285714,0.0,0.0,0.0,0.0,0.0,0.0,0.0,0.0,0.0,0.0,0.0,0.0,0.0,0.0,0.0,2.0,2.0,2.0,2.0,2.0
1971,2,1347.0,1346.05,1347.95,1346.5,1347.5,4.5,2.125,6.875,3.25,5.75,0.4202994486591006,0.19808859778244245,0.6425102995357588,0.3033463692503332,0.5372525280678682,1.0,1.0,1.0,1.0,1.0,1.0,1.0,1.0,1.0,1.0,3.5,1.125,5.875,2.25,4.75,0.0,0.0,0.0,0.0,0.0,0.0,0.0,0.0,0.0,0.0,28.57142857142857,1.4285714285714286,55.71428571428571,14.285714285714285,42.857142857142854,64.28571428571428,30.357142857142854,98.21428571428571,46.42857142857143,82.14285714285714,0.0,0.0,0.0,0.0,0.0,0.0,0.0,0.0,0.0,0.0,0.0,0.0,0.0,0.0,0.0,2.0,2.0,2.0,2.0,2.0
1972,2,1364.0,1361.15,1366.85,1362.5,1365.5,4.5,2.125,6.875,3.25,5.75,0.4154272844667505,0.1960481169908652,0.6348064519426357,0.2999645647426003,0.5308900041909006,0.5,0.025,0.975,0.25,0.75,0.5,0.025,0.975,0.25,0.75,4.0,2.1,5.9,3.0,5.0,0.0,0.0,0.0,0.0,0.0,0.0,0.0,0.0,0.0,0.0,53.57142857142857,50.17857142857143,56.96428571428571,51.785714285714285,55.357142857142854,39.285714285714285,29.107142857142854,49.464285714285715,33.92857142857143,44.64285714285714,0.0,0.0,0.0,0.0,0.0,0.0,0.0,0.0,0.0,0.0,0.0,0.0,0.0,0.0,0.0,1.5,1.025,1.975,1.25,1.75
1973,2,1377.0,1376.05,1377.95,1376.5,1377.5,4.5,2.125,6.875,3.25,5.75,0.41352235920568436,0.19627685733181843,0.6307678610795503,0.29918262137733387,0.5278620970340349,0.5,0.025,0.975,0.25,0.75,0.5,0.025,0.975,0.25,0.75,4.0,2.1,5.9,3.0,5.0,0.0,0.0,0.0,0.0,0.0,0.0,0.0,0.0,0.0,0.0,53.57142857142857,50.17857142857143,56.96428571428571,51.785714285714285,55.357142857142854,39.285714285714285,29.107142857142854,49.464285714285715,33.92857142857143,44.64285714285714,0.0,0.0,0.0,0.0,0.0,0.0,0.0,0.0,0.0,0.0,0.0,0.0,0.0,0.0,0.0,1.5,1.025,1.975,1.25,1.75
1974,2,1393.5,1393.025,1393.975,1393.25,1393.75,4.5,2.125,6.875,3.25,5.75,0.41038310228550023,0.19515150805545148,0.625614696515549,0.2971033158486325,0.523662888722368,0.5,0.025,0.975,0.25,0.75,0.5,0.025,0.975,0.25,0.75,4.0,2.1,5.9,3.0,5.0,0.0,0.0,0.0,0.0,0.0,0.0,0.0,0.0,0.0,0.0,53.57142857142857,50.17857142857143,56.96428571428571,51.785714285714285,55.357142857142854,39.285714285714285,29.107142857142854,49.464285714285715,33.92857142857143,44.64285714285714,0.0,0.0,0.0,0.0,0.0,0.0,0.0,0.0,0.0,0.0,0.0,0.0,0.0,0.0,0.0,1.5,1.025,1.975,1.25,1.75
1975,2,1412.5,1411.075,1413.925,1411.75,1413.25,5.0,3.1,6.9,4.0,6.0,0.4501077877901384,0.2818320499900529,0.6183835255902238,0.3615416100006197,0.538673965579657,0.5,0.025,0.975,0.25,0.75,0.5,0.025,0.975,0.25,0.75,4.5,3.075,5.925,3.75,5.25,0.0,0.0,0.0,0.0,0.0,16.666666666666664,0.8333333333333333,32.49999999999999,8.333333333333332,24.999999999999996,45.238095238095234,33.92857142857142,56.547619047619044,39.28571428571428,51.19047619047619,30.95238095238095,28.69047619047619,33.21428571428571,29.76190476190476,32.14285714285714,0.0,0.0,0.0,0.0,0.0,0.5,0.025,0.975,0.25,0.75,0.04549590536851684,0.002274795268425842,0.08871701546860783,0.02274795268425842,0.06824385805277526,1.5,1.025,1.975,1.25,1.75
1976,2,1422.5,1421.075,1423.925,1421.75,1423.25,5.0,3.1,6.9,4.0,6.0,0.4466473243068988,0.28142327530625405,0.6118713733075436,0.3596872985170858,0.5336073500967119,0.5,0.025,0.975,0.25,0.75,0.5,0.025,0.975,0.25,0.75,4.5,3.075,5.925,3.75,5.25,0.0,0.0,0.0,0.0,0.0,16.666666666666664,0.8333333333333333,32.49999999999999,8.333333333333332,24.999999999999996,45.238095238095234,33.92857142857142,56.547619047619044,39.28571428571428,51.19047619047619,30.95238095238095,28.69047619047619,33.21428571428571,29.76190476190476,32.14285714285714,0.0,0.0,0.0,0.0,0.0,0.5,0.025,0.975,0.25,0.75,0.045454545454545456,0.002272727272727273,0.08863636363636364,0.022727272727272728,0.06818181818181818,1.5,1.025,1.975,1.25,1.75
1977,2,1433.5,1433.025,1433.975,1433.25,1433.75,5.0,3.1,6.9,4.0,6.0,0.4451541686006383,0.28111329426109455,0.6091950429401819,0.35881686631666787,0.5314914708846086,0.5,0.025,0.975,0.25,0.75,0.5,0.025,0.975,0.25,0.75,4.5,3.075,5.925,3.75,5.25,0.0,0.0,0.0,0.0,0.0,16.666666666666664,0.8333333333333333,32.49999999999999,8.333333333333332,24.999999999999996,45.238095238095234,33.92857142857142,56.547619047619044,39.28571428571428,51.19047619047619,30.95238095238095,28.69047619047619,33.21428571428571,29.76190476190476,32.14285714285714,0.0,0.0,0.0,0.0,0.0,0.5,0.025,0.975,0.25,0.75,0.045413260672116255,0.002270663033605813,0.08855585831062669,0.022706630336058128,0.06811989100817438,1.5,1.025,1.975,1.25,1.75
1978,2,1452.0,1446.3,1457.7,1449.0,1455.0,5.5,3.125,7.875,4.25,6.75,0.484480113301074,0.28098076242181047,0.6879794641803375,0.37737519178567214,0.5915850348164758,0.5,0.025,0.975,0.25,0.75,0.5,0.025,0.975,0.25,0.75,5.0,3.1,6.9,4.0,6.0,0.0,0.0,0.0,0.0,0.0,16.666666666666664,0.8333333333333333,32.49999999999999,8.333333333333332,24.999999999999996,41.666666666666664,33.74999999999999,49.583333333333336,37.5,45.83333333333333,35.416666666666664,33.43749999999999,37.395833333333336,34.375,36.45833333333333,0.0,0.0,0.0,0.0,0.0,0.5,0.025,0.975,0.25,0.75,0.04504504504504504,0.0022522522522522522,0.08783783783783783,0.02252252252252252,0.06756756756756757,2.0,1.05,2.95,1.5,2.5
1979,2,1464.0,1461.15,1466.85,1462.5,1465.5,6.5,4.125,8.875,5.25,7.75,0.5697638404955478,0.36626596980255516,0.7732617111885405,0.4626596980255517,0.676867982965544,0.5,0.025,0.975,0.25,0.75,0.5,0.025,0.975,0.25,0.75,6.0,4.1,7.9,5.0,7.0,0.0,0.0,0.0,0.0,0.0,25.0,1.25,48.75,12.5,37.5,34.72222222222222,25.48611111111111,43.95833333333333,29.86111111111111,39.58333333333333,34.72222222222222,25.48611111111111,43.95833333333333,29.86111111111111,39.58333333333333,0.0,0.0,0.0,0.0,0.0,1.0,0.05,1.95,0.5,1.5,0.08888888888888889,0.0044444444444444444,0.17333333333333334,0.044444444444444446,0.13333333333333333,2.5,1.075,3.925,1.75,3.25
1980,2,1479.5,1474.275,1484.725,1476.75,1482.25,6.5,4.125,8.875,5.25,7.75,0.565303748824348,0.36336218920488583,0.7672453084438102,0.4590187174456837,0.6715887802030124,0.5,0.025,0.975,0.25,0.75,0.5,0.025,0.975,0.25,0.75,6.0,4.1,7.9,5.0,7.0,0.0,0.0,0.0,0.0,0.0,25.0,1.25,48.75,12.5,37.5,34.72222222222222,25.48611111111111,43.95833333333333,29.86111111111111,39.58333333333333,34.72222222222222,25.48611111111111,43.95833333333333,29.86111111111111,39.58333333333333,0.0,0.0,0.0,0.0,0.0,1.0,0.05,1.95,0.5,1.5,0.08818342151675485,0.004409171075837742,0.17195767195767195,0.04409171075837742,0.13227513227513227,2.5,1.075,3.925,1.75,3.25
1981,2,1498.5,1491.375,1505.625,1494.75,1502.25,6.5,4.125,8.875,5.25,7.75,0.5601241829185677,0.35959434178118144,0.7606540240559541,0.45458216126731177,0.6656662045698237,0.5,0.025,0.975,0.25,0.75,0.5,0.025,0.975,0.25,0.75,6.0,4.1,7.9,5.0,7.0,0.0,0.0,0.0,0.0,0.0,25.0,1.25,48.75,12.5,37.5,34.72222222222222,25.48611111111111,43.95833333333333,29.86111111111111,39.58333333333333,34.72222222222222,25.48611111111111,43.95833333333333,29.86111111111111,39.58333333333333,0.0,0.0,0.0,0.0,0.0,1.0,0.05,1.95,0.5,1.5,0.08726003490401396,0.004363001745200698,0.1701570680628272,0.04363001745200698,0.13089005235602094,2.5,1.075,3.925,1.75,3.25
1982,2,1506.0,1495.55,1516.45,1500.5,1511.5,6.5,4.125,8.875,5.25,7.75,0.555743793142394,0.3585095569330118,0.7529780293517762,0.45193630040061383,0.659551285884174,1.0,0.05,1.95,0.5,1.5,1.0,0.05,1.95,0.5,1.5,5.5,4.075,6.925,4.75,6.25,0.0,0.0,0.0,0.0,0.0,25.0,1.25,48.75,12.5,37.5,34.72222222222222,25.48611111111111,43.95833333333333,29.86111111111111,39.58333333333333,34.72222222222222,25.48611111111111,43.95833333333333,29.86111111111111,39.58333333333333,0.0,0.0,0.0,0.0,0.0,1.0,0.05,1.95,0.5,1.5,0.08703220191470844,0.004351610095735422,0.16971279373368145,0.04351610095735422,0.13054830287206265,2.5,1.075,3.925,1.75,3.25
1983,2,1520.0,1518.1,1521.9,1519.0,1521.0,6.5,4.125,8.875,5.25,7.75,0.5511264412699446,0.3531775731346198,0.7490753094052693,0.4469428264618789,0.6553100560780102,1.0,0.05,1.95,0.5,1.5,1.0,0.05,1.95,0.5,1.5,5.5,4.075,6.925,4.75,6.25,0.0,0.0,0.0,0.0,0.0,25.0,1.25,48.75,12.5,37.5,34.72222222222222,25.48611111111111,43.95833333333333,29.86111111111111,39.58333333333333,34.72222222222222,25.48611111111111,43.95833333333333,29.86111111111111,39.58333333333333,0.0,0.0,0.0,0.0,0.0,1.0,0.05,1.95,0.5,1.5,0.08568980291345331,0.004284490145672666,0.16709511568123395,0.042844901456726654,0.12853470437017997,2.5,1.075,3.925,1.75,3.25
1984,2,1539.0,1535.2,1542.8,1537.0,1541.0,6.5,4.125,8.875,5.25,7.75,0.5462324322714334,0.34907284091924484,0.7433920236236219,0.44246422629659726,0.6500006382462694,1.0,0.05,1.95,0.5,1.5,1.0,0.05,1.95,0.5,1.5,5.5,4.075,6.925,4.75,6.25,0.0,0.0,0.0,0.0,0.0,25.0,1.25,48.75,12.5,37.5,34.72222222222222,25.48611111111111,43.95833333333333,29.86111111111111,39.58333333333333,34.72222222222222,25.48611111111111,43.95833333333333,29.86111111111111,39.58333333333333,0.0,0.0,0.0,0.0,0.0,1.0,0.05,1.95,0.5,1.5,0.0846740050804403,0.004233700254022015,0.1651143099068586,0.04233700254022015,0.12701100762066045,2.5,1.075,3.925,1.75,3.25
1985,2,1552.5,1550.125,1554.875,1551.25,1553.75,7.0,4.15,9.85,5.5,8.5,0.5841195943026456,0.3493407733124364,0.8188984152928547,0.4605517937814828,0.7076873948238083,1.0,0.05,1.95,0.5,1.5,1.0,0.05,1.95,0.5,1.5,6.0,4.1,7.9,5.0,7.0,0.0,0.0,0.0,0.0,0.0,25.0,1.25,48.75,12.5,37.5,32.5,25.375,39.625,28.75,36.25,37.5,25.625,49.375,31.25,43.75,0.0,0.0,0.0,0.0,0.0,1.0,0.05,1.95,0.5,1.5,0.08424599831508003,0.004212299915754002,0.16427969671440606,0.04212299915754002,0.12636899747262004,3.0,1.1,4.9,2.0,4.0
1986,2,1560.5,1556.225,1564.775,1558.25,1562.75,7.0,4.15,9.85,5.5,8.5,0.5845183660867586,0.34748387475324916,0.8215528574202678,0.4597633706480694,0.7092733615254476,1.0,0.05,1.95,0.5,1.5,1.0,0.05,1.95,0.5,1.5,6.0,4.1,7.9,5.0,7.0,0.0,0.0,0.0,0.0,0.0,25.0,1.25,48.75,12.5,37.5,32.5,25.375,39.625,28.75,36.25,37.5,25.625,49.375,31.25,43.75,0.0,0.0,0.0,0.0,0.0,1.0,0.05,1.95,0.5,1.5,0.08375209380234507,0.004187604690117253,0.16331658291457288,0.04187604690117253,0.1256281407035176,3.0,1.1,4.9,2.0,4.0
1987,2,1569.5,1567.125,1571.875,1568.25,1570.75,7.0,4.15,9.85,5.5,8.5,0.581399369568615,0.3460007441248027,0.8167979950124274,0.4575053561771349,0.7052933829600952,1.0,0.05,1.95,0.5,1.5,1.0,0.05,1.95,0.5,1.5,6.0,4.1,7.9,5.0,7.0,0.0,0.0,0.0,0.0,0.0,25.0,1.25,48.75,12.5,37.5,32.5,25.375,39.625,28.75,36.25,37.5,25.625,49.375,31.25,43.75,0.0,0.0,0.0,0.0,0.0,1.0,0.05,1.95,0.5,1.5,0.08340283569641367,0.004170141784820684,0.16263552960800665,0.041701417848206836,0.12510425354462051,3.0,1.1,4.9,2.0,4.0
1988,2,1582.0,1578.2,1585.8,1580.0,1584.0,8.0,5.15,10.85,6.5,9.5,0.6610922286258477,0.4269186246982907,0.8952658325534046,0.5378429634008177,0.7843414938508777,1.0,0.05,1.95,0.5,1.5,1.0,0.05,1.95,0.5,1.5,7.0,5.1,8.9,6.0,8.0,0.0,0.0,0.0,0.0,0.0,20.0,1.0,39.0,10.0,30.0,42.72727272727273,40.13636363636363,45.31818181818182,41.36363636363636,44.09090909090909,32.72727272727273,20.636363636363637,44.81818181818181,26.363636363636363,39.09090909090909,0.0,0.0,0.0,0.0,0.0,1.0,0.05,1.95,0.5,1.5,0.08291873963515754,0.0041459369817578775,0.1616915422885572,0.04145936981757877,0.12437810945273631,3.0,1.1,4.9,2.0,4.0
1989,2,1598.5,1598.025,1598.975,1598.25,1598.75,8.5,6.125,10.875,7.25,9.75,0.6950430600423753,0.505049182705089,0.8850369373796615,0.5950462824964351,0.7950398375883154,1.0,0.05,1.95,0.5,1.5,1.0,0.05,1.95,0.5,1.5,7.5,6.075,8.925,6.75,8.25,0.0,0.0,0.0,0.0,0.0,16.666666666666664,0.8333333333333333,32.49999999999999,8.333333333333332,24.999999999999996,47.72727272727273,45.56818181818182,49.88636363636363,46.59090909090909,48.86363636363636,31.06060606060606,17.386363636363633,44.734848484848484,23.86363636363636,38.25757575757576,0.0,0.0,0.0,0.0,0.0,1.0,0.05,1.95,0.5,1.5,0.08250825082508251,0.004125412541254126,0.1608910891089109,0.041254125412541254,0.12376237623762376,3.0,1.1,4.9,2.0,4.0
1990,2,1608.5,1608.025,1608.975,1608.25,1608.75,9.0,6.15,11.85,7.5,10.5,0.7361069374087748,0.5055553468704387,0.9666585279471107,0.6147639950201769,0.8574498797973726,1.5,0.07500000000000001,2.925,0.75,2.25,1.5,0.07500000000000001,2.925,0.75,2.25,7.5,6.075,8.925,6.75,8.25,0.0,0.0,0.0,0.0,0.0,16.666666666666664,0.8333333333333333,32.49999999999999,8.333333333333332,24.999999999999996,50.0,50.0,50.0,50.0,50.0,29.166666666666668,17.291666666666664,41.04166666666667,22.916666666666664,35.41666666666667,0.0,0.0,0.0,0.0,0.0,1.0,0.05,1.95,0.5,1.5,0.08223684210526315,0.004111842105263158,0.16036184210526314,0.041118421052631575,0.12335526315789472,3.0,1.1,4.9,2.0,4.0
1991,2,1619.5,1615.225,1623.775,1617.25,1621.75,8.5,6.125,10.875,7.25,9.75,0.6913346168574225,0.5033167308428711,0.8793525028719739,0.5923778347445007,0.7902913989703443,2.0,1.05,2.95,1.5,2.5,2.0,1.05,2.95,1.5,2.5,6.5,5.075,7.925,5.75,7.25,0.0,0.0,0.0,0.0,0.0,16.666666666666664,0.8333333333333333,32.49999999999999,8.333333333333332,24.999999999999996,52.272727272727266,50.11363636363637,54.43181818181817,51.13636363636363,53.40909090909091,26.515151515151516,17.159090909090907,35.871212121212125,21.59090909090909,31.43939393939394,0.0,0.0,0.0,0.0,0.0,1.0,0.05,1.95,0.5,1.5,0.08223684210526315,0.004111842105263158,0.16036184210526314,0.041118421052631575,0.12335526315789472,2.5,1.075,3.925,1.75,3.25
1992,2,1635.0,1632.15,1637.85,1633.5,1636.5,8.5,6.125,10.875,7.25,9.75,0.6891629026408626,0.4997642675810227,0.8785615377007023,0.5894794105041047,0.7888463947776203,2.0,1.05,2.95,1.5,2.5,2.0,1.05,2.95,1.5,2.5,6.5,5.075,7.925,5.75,7.25,0.0,0.0,0.0,0.0,0.0,16.666666666666664,0.8333333333333333,32.49999999999999,8.333333333333332,24.999999999999996,52.272727272727266,50.11363636363637,54.43181818181817,51.13636363636363,53.40909090909091,26.515151515151516,17.159090909090907,35.871212121212125,21.59090909090909,31.43939393939394,0.0,0.0,0.0,0.0,0.0,1.0,0.05,1.95,0.5,1.5,0.0816326530612245,0.004081632653061225,0.15918367346938778,0.04081632653061225,0.12244897959183675,2.5,1.075,3.925,1.75,3.25
1993,2,1646.0,1642.2,1649.8,1644.0,1648.0,9.0,6.15,11.85,7.5,10.5,0.7239680811909255,0.5026468492313957,0.9452893131504554,0.6074832222648572,0.8404529401169939,2.5,2.025,2.975,2.25,2.75,2.5,2.025,2.975,2.25,2.75,6.5,4.125,8.875,5.25,7.75,0.0,0.0,0.0,0.0,0.0,16.666666666666664,0.8333333333333333,32.49999999999999,8.333333333333332,24.999999999999996,54.16666666666667,50.208333333333336,58.125,52.083333333333336,56.25,24.999999999999996,17.083333333333332,32.916666666666664,20.83333333333333,29.166666666666664,0.0,0.0,0.0,0.0,0.0,1.0,0.05,1.95,0.5,1.5,0.08183306055646482,0.004091653027823241,0.1595744680851064,0.04091653027823241,0.12274959083469722,2.5,1.075,3.925,1.75,3.25
1994,2,1650.5,1642.425,1658.575,1646.25,1654.75,8.5,6.125,10.875,7.25,9.75,0.6841950837843125,0.4995158766381952,0.8688742909304297,0.5869955010758297,0.7813946664927952,2.0,2.0,2.0,2.0,2.0,2.0,2.0,2.0,2.0,2.0,6.5,4.125,8.875,5.25,7.75,0.0,0.0,0.0,0.0,0.0,16.666666666666664,0.8333333333333333,32.49999999999999,8.333333333333332,24.999999999999996,56.81818181818181,50.34090909090909,63.29545454545454,53.40909090909091,60.22727272727273,26.515151515151516,17.159090909090907,35.871212121212125,21.59090909090909,31.43939393939394,0.0,0.0,0.0,0.0,0.0,1.0,0.05,1.95,0.5,1.5,0.0816326530612245,0.004081632653061225,0.15918367346938778,0.04081632653061225,0.12244897959183675,2.5,1.075,3.925,1.75,3.25
1995,2,1658.5,1655.175,1661.825,1656.75,1660.25,8.5,6.125,10.875,7.25,9.75,0.6902038018172956,0.4990578673524785,0.8813497362821128,0.5896006784147603,0.790806925219831,3.5,3.025,3.975,3.25,3.75,3.5,3.025,3.975,3.25,3.75,5.0,2.15,7.85,3.5,6.5,0.0,0.0,0.0,0.0,0.0,16.666666666666664,0.8333333333333333,32.49999999999999,8.333333333333332,24.999999999999996,56.81818181818181,50.34090909090909,63.29545454545454,53.40909090909091,60.22727272727273,26.515151515151516,17.159090909090907,35.871212121212125,21.59090909090909,31.43939393939394,0.0,0.0,0.0,0.0,0.0,1.0,0.05,1.95,0.5,1.5,0.08149959250203749,0.004074979625101875,0.15892420537897312,0.040749796251018745,0.12224938875305624,2.5,1.075,3.925,1.75,3.25
1996,2,1670.0,1661.45,1678.55,1665.5,1674.5,8.5,6.125,10.875,7.25,9.75,0.6896066218100116,0.5013107979209674,0.877902445699056,0.5905035566052516,0.7887096870147718,5.0,4.05,5.95,4.5,5.5,5.0,4.05,5.95,4.5,5.5,3.5,2.075,4.925,2.75,4.25,0.0,0.0,0.0,0.0,0.0,16.666666666666664,0.8333333333333333,32.49999999999999,8.333333333333332,24.999999999999996,56.81818181818181,50.34090909090909,63.29545454545454,53.40909090909091,60.22727272727273,26.515151515151516,17.159090909090907,35.871212121212125,21.59090909090909,31.43939393939394,0.0,0.0,0.0,0.0,0.0,1.0,0.05,1.95,0.5,1.5,0.08190008190008191,0.004095004095004096,0.15970515970515972,0.040950040950040956,0.12285012285012287,2.5,1.075,3.925,1.75,3.25
1997,2,1672.0,1666.3,1677.7,1669.0,1675.0,8.0,6.1,9.9,7.0,9.0,0.6540797040254152,0.5018397876704065,0.8063196203804239,0.5739534322596211,0.7342059757912093,4.5,4.025,4.975,4.25,4.75,4.5,4.025,4.975,4.25,4.75,3.5,2.075,4.925,2.75,4.25,0.0,0.0,0.0,0.0,0.0,16.666666666666664,0.8333333333333333,32.49999999999999,8.333333333333332,24.999999999999996,60.0,50.5,69.5,55.0,65.0,23.333333333333332,16.999999999999996,29.666666666666668,20.0,26.666666666666664,0.0,0.0,0.0,0.0,0.0,1.0,0.05,1.95,0.5,1.5,0.0823045267489712,0.00411522633744856,0.16049382716049382,0.0411522633744856,0.12345679012345678,2.0,1.05,2.95,1.5,2.5
1998,2,1677.5,1673.225,1681.775,1675.25,1679.75,7.0,6.05,7.95,6.5,7.5,0.5767428594711324,0.49913417267652693,0.6543515462657377,0.5358961822108137,0.6175895367314509,4.0,4.0,4.0,4.0,4.0,4.0,4.0,4.0,4.0,4.0,3.0,2.05,3.95,2.5,3.5,0.0,0.0,0.0,0.0,0.0,16.666666666666664,0.8333333333333333,32.49999999999999,8.333333333333332,24.999999999999996,62.5,50.625,74.375,56.25,68.75,20.833333333333332,16.874999999999996,24.791666666666668,18.75,22.916666666666664,0.0,0.0,0.0,0.0,0.0,1.0,0.05,1.95,0.5,1.5,0.08250825082508251,0.004125412541254126,0.1608910891089109,0.041254125412541254,0.12376237623762376,1.5,1.025,1.975,1.25,1.75
1999,2,1677.5,1675.125,1679.875,1676.25,1678.75,7.0,6.05,7.95,6.5,7.5,0.5819619482159073,0.5056867261733372,0.6582371702584775,0.5418170945092915,0.6221068019225232,4.5,4.025,4.975,4.25,4.75,4.5,4.025,4.975,4.25,4.75,2.5,2.025,2.975,2.25,2.75,0.0,0.0,0.0,0.0,0.0,16.666666666666664,0.8333333333333333,32.49999999999999,8.333333333333332,24.999999999999996,62.5,50.625,74.375,56.25,68.75,20.833333333333332,16.874999999999996,24.791666666666668,18.75,22.916666666666664,0.0,0.0,0.0,0.0,0.0,1.0,0.05,1.95,0.5,1.5,0.08361204013377926,0.004180602006688963,0.16304347826086957,0.04180602006688963,0.1254180602006689,1.5,1.025,1.975,1.25,1.75
2000,2,1669.5,1669.025,1669.975,1669.25,1669.75,6.5,5.075,7.925,5.75,7.25,0.5446823964617814,0.4277400220153319,0.661624770908231,0.48313377833207116,0.6062310145914918,4.5,4.025,4.975,4.25,4.75,4.5,4.025,4.975,4.25,4.75,2.0,1.05,2.95,1.5,2.5,0.0,0.0,0.0,0.0,0.0,10.0,0.5,19.5,5.0,15.0,67.5,60.375,74.625,63.75,71.25,22.5,20.125,24.875,21.25,23.75,0.0,0.0,0.0,0.0,0.0,0.5,0.025,0.975,0.25,0.75,0.042158516020236084,0.0021079258010118043,0.08220910623946036,0.021079258010118042,0.06323777403035413,1.5,1.025,1.975,1.25,1.75
2001,2,1662.5,1659.175,1665.825,1660.75,1664.25,6.5,5.075,7.925,5.75,7.25,0.5520846891405267,0.43358714043993235,0.670582237841121,0.489717558245477,0.6144518200355764,5.5,5.025,5.975,5.25,5.75,5.5,5.025,5.975,5.25,5.75,1.0,0.05,1.95,0.5,1.5,0.0,0.0,0.0,0.0,0.0,10.0,0.5,19.5,5.0,15.0,67.5,60.375,74.625,63.75,71.25,22.5,20.125,24.875,21.25,23.75,0.0,0.0,0.0,0.0,0.0,0.5,0.025,0.975,0.25,0.75,0.042735042735042736,0.002136752136752137,0.08333333333333333,0.021367521367521368,0.0641025641025641,1.5,1.025,1.975,1.25,1.75
2002,2,1657.5,1652.275,1662.725,1654.75,1660.25,5.0,5.0,5.0,5.0,5.0,0.4300040005531264,0.424383999858021,0.4356240012482317,0.4270461054504393,0.4329618956558134,4.0,3.05,4.95,3.5,4.5,4.0,3.05,4.95,3.5,4.5,1.0,0.05,1.95,0.5,1.5,0.0,0.0,0.0,0.0,0.0,10.0,0.5,19.5,5.0,15.0,60.0,60.0,60.0,60.0,60.0,30.0,20.5,39.5,25.0,35.0,0.0,0.0,0.0,0.0,0.0,0.5,0.025,0.975,0.25,0.75,0.043591979075850044,0.0021795989537925025,0.08500435919790758,0.021795989537925022,0.06538796861377506,1.5,1.025,1.975,1.25,1.75
2003,2,1652.5,1644.425,1660.575,1648.25,1656.75,5.0,5.0,5.0,5.0,5.0,0.43759303158939306,0.42995525295404013,0.445230810224746,0.433573148097102,0.4416129150816841,4.5,4.025,4.975,4.25,4.75,4.5,4.025,4.975,4.25,4.75,0.5,0.025,0.975,0.25,0.75,0.0,0.0,0.0,0.0,0.0,10.0,0.5,19.5,5.0,15.0,60.0,60.0,60.0,60.0,60.0,30.0,20.5,39.5,25.0,35.0,0.0,0.0,0.0,0.0,0.0,0.5,0.025,0.975,0.25,0.75,0.044563279857397504,0.0022281639928698753,0.08689839572192513,0.022281639928698752,0.06684491978609626,1.5,1.025,1.975,1.25,1.75
2004,2,1645.5,1636.475,1654.525,1640.75,1650.25,5.0,5.0,5.0,5.0,5.0,0.44130128399791324,0.43260957586800286,0.4499929921278236,0.43672670077164466,0.4458758672241818,5.0,5.0,5.0,5.0,5.0,5.0,5.0,5.0,5.0,5.0,0.0,0.0,0.0,0.0,0.0,0.0,0.0,0.0,0.0,0.0,10.0,0.5,19.5,5.0,15.0,60.0,60.0,60.0,60.0,60.0,30.0,20.5,39.5,25.0,35.0,0.0,0.0,0.0,0.0,0.0,0.5,0.025,0.975,0.25,0.75,0.04504504504504504,0.0022522522522522522,0.08783783783783783,0.02252252252252252,0.06756756756756757,1.5,1.025,1.975,1.25,1.75
2005,2,1643.5,1633.525,1653.475,1638.25,1648.75,4.5,4.025,4.975,4.25,4.75,0.4023749061125219,0.3508411125815182,0.4539086996435256,0.3752518568856778,0.42949795533936597,4.5,4.025,4.975,4.25,4.75,4.5,4.025,4.975,4.25,4.75,0.0,0.0,0.0,0.0,0.0,0.0,0.0,0.0,0.0,0.0,10.0,0.5,19.5,5.0,15.0,67.5,60.375,74.625,63.75,71.25,22.5,20.125,24.875,21.25,23.75,0.0,0.0,0.0,0.0,0.0,0.5,0.025,0.975,0.25,0.75,0.045662100456621,0.00228310502283105,0.08904109589041095,0.0228310502283105,0.0684931506849315,1.0,1.0,1.0,1.0,1.0
2006,2,1636.0,1627.45,1644.55,1631.5,1640.5,4.0,4.0,4.0,4.0,4.0,0.36227962279622794,0.3558917589175892,0.36866748667486676,0.3589175891758918,0.36564165641656415,4.0,4.0,4.0,4.0,4.0,4.0,4.0,4.0,4.0,4.0,0.0,0.0,0.0,0.0,0.0,0.0,0.0,0.0,0.0,0.0,0.0,0.0,0.0,0.0,0.0,75.0,75.0,75.0,75.0,75.0,25.0,25.0,25.0,25.0,25.0,0.0,0.0,0.0,0.0,0.0,0.0,0.0,0.0,0.0,0.0,0.0,0.0,0.0,0.0,0.0,1.0,1.0,1.0,1.0,1.0
2007,2,1637.5,1632.275,1642.725,1634.75,1640.25,4.0,4.0,4.0,4.0,4.0,0.36527076883578485,0.35846049457428697,0.37208104309728274,0.3616864139613123,0.3688551237102574,4.0,4.0,4.0,4.0,4.0,4.0,4.0,4.0,4.0,4.0,0.0,0.0,0.0,0.0,0.0,0.0,0.0,0.0,0.0,0.0,0.0,0.0,0.0,0.0,0.0,75.0,75.0,75.0,75.0,75.0,25.0,25.0,25.0,25.0,25.0,0.0,0.0,0.0,0.0,0.0,0.0,0.0,0.0,0.0,0.0,0.0,0.0,0.0,0.0,0.0,1.0,1.0,1.0,1.0,1.0
2008,2,1636.5,1626.525,1646.475,1631.25,1641.75,4.0,4.0,4.0,4.0,4.0,0.3671504744325167,0.3594706296462219,0.37483031921881155,0.3631084508607826,0.37119249800425086,4.0,4.0,4.0,4.0,4.0,4.0,4.0,4.0,4.0,4.0,0.0,0.0,0.0,0.0,0.0,0.0,0.0,0.0,0.0,0.0,0.0,0.0,0.0,0.0,0.0,75.0,75.0,75.0,75.0,75.0,25.0,25.0,25.0,25.0,25.0,0.0,0.0,0.0,0.0,0.0,0.0,0.0,0.0,0.0,0.0,0.0,0.0,0.0,0.0,0.0,1.0,1.0,1.0,1.0,1.0
2009,2,1629.5,1622.375,1636.625,1625.75,1633.25,4.5,4.025,4.975,4.25,4.75,0.41812221020821205,0.38075459535889544,0.45548982505752866,0.3984550444980454,0.4377893759183787,4.0,4.0,4.0,4.0,4.0,4.0,4.0,4.0,4.0,4.0,0.5,0.025,0.975,0.25,0.75,0.0,0.0,0.0,0.0,0.0,0.0,0.0,0.0,0.0,0.0,67.5,60.375,74.625,63.75,71.25,32.5,25.375,39.625,28.75,36.25,0.0,0.0,0.0,0.0,0.0,0.0,0.0,0.0,0.0,0.0,0.0,0.0,0.0,0.0,0.0,1.5,1.025,1.975,1.25,1.75
2010,2,1627.5,1620.375,1634.625,1623.75,1631.25,4.0,3.05,4.95,3.5,4.5,0.37201855383673565,0.2892561983471074,0.45478090932636384,0.3284594193685103,0.415577688304961,3.5,3.025,3.975,3.25,3.75,3.5,3.025,3.975,3.25,3.75,0.5,0.025,0.975,0.25,0.75,0.0,0.0,0.0,0.0,0.0,0.0,0.0,0.0,0.0,0.0,80.0,61.0,99.0,70.0,90.0,20.0,1.0,39.0,10.0,30.0,0.0,0.0,0.0,0.0,0.0,0.0,0.0,0.0,0.0,0.0,0.0,0.0,0.0,0.0,0.0,1.0,0.05,1.95,0.5,1.5
2011,2,1627.0,1619.4,1634.6,1623.0,1631.0,4.0,3.05,4.95,3.5,4.5,0.37332008162116526,0.291393276808331,0.45524688643399946,0.33020071066704193,0.4164394525752885,3.5,3.025,3.975,3.25,3.75,3.5,3.025,3.975,3.25,3.75,0.5,0.025,0.975,0.25,0.75,0.0,0.0,0.0,0.0,0.0,0.0,0.0,0.0,0.0,0.0,80.0,61.0,99.0,70.0,90.0,20.0,1.0,39.0,10.0,30.0,0.0,0.0,0.0,0.0,0.0,0.0,0.0,0.0,0.0,0.0,0.0,0.0,0.0,0.0,0.0,1.0,0.05,1.95,0.5,1.5
2012,2,1625.0,1617.4,1632.6,1621.0,1629.0,4.5,4.025,4.975,4.25,4.75,0.4244339690022141,0.3866063138347261,0.4622616241697021,0.4045246768087994,0.44434326119562884,3.5,3.025,3.975,3.25,3.75,3.5,3.025,3.975,3.25,3.75,1.0,1.0,1.0,1.0,1.0,0.0,0.0,0.0,0.0,0.0,12.5,0.625,24.375,6.25,18.75,57.5,40.875,74.125,48.75,66.25,30.0,1.5,58.5,15.0,45.0,0.0,0.0,0.0,0.0,0.0,0.5,0.025,0.975,0.25,0.75,0.04807692307692308,0.002403846153846154,0.09375,0.02403846153846154,0.07211538461538462,1.5,0.07500000000000001,2.925,0.75,2.25
2013,2,1621.5,1606.775,1636.225,1613.75,1629.25,4.5,4.025,4.975,4.25,4.75,0.4283584778940816,0.39178829426507444,0.46492866152308876,0.4091110128261831,0.4476059429619801,4.5,4.025,4.975,4.25,4.75,4.5,4.025,4.975,4.25,4.75,0.0,0.0,0.0,0.0,0.0,0.0,0.0,0.0,0.0,0.0,12.5,0.625,24.375,6.25,18.75,57.5,40.875,74.125,48.75,66.25,30.0,1.5,58.5,15.0,45.0,0.0,0.0,0.0,0.0,0.0,0.5,0.025,0.975,0.25,0.75,0.04873294346978557,0.0024366471734892786,0.09502923976608187,0.024366471734892786,0.07309941520467836,1.5,0.07500000000000001,2.925,0.75,2.25
2014,2,1623.0,1609.7,1636.3,1616.0,1630.0,4.0,4.0,4.0,4.0,4.0,0.38168911539861666,0.3735620677102293,0.389816163087004,0.37741172187841276,0.38596650891882056,4.0,4.0,4.0,4.0,4.0,4.0,4.0,4.0,4.0,4.0,0.0,0.0,0.0,0.0,0.0,0.0,0.0,0.0,0.0,0.0,12.5,0.625,24.375,6.25,18.75,50.0,26.25,73.75,37.5,62.5,37.5,1.875,73.125,18.75,56.25,0.0,0.0,0.0,0.0,0.0,0.5,0.025,0.975,0.25,0.75,0.04878048780487805,0.002439024390243903,0.0951219512195122,0.024390243902439025,0.07317073170731708,1.5,0.07500000000000001,2.925,0.75,2.25
2015,2,1627.5,1610.875,1644.125,1618.75,1636.25,4.0,4.0,4.0,4.0,4.0,0.3809955571674676,0.3722096291594886,0.3897814851754466,0.37637138453168917,0.385619729803246,4.0,4.0,4.0,4.0,4.0,4.0,4.0,4.0,4.0,4.0,0.0,0.0,0.0,0.0,0.0,0.0,0.0,0.0,0.0,0.0,12.5,0.625,24.375,6.25,18.75,50.0,26.25,73.75,37.5,62.5,37.5,1.875,73.125,18.75,56.25,0.0,0.0,0.0,0.0,0.0,0.5,0.025,0.975,0.25,0.75,0.04878048780487805,0.002439024390243903,0.0951219512195122,0.024390243902439025,0.07317073170731708,1.5,0.07500000000000001,2.925,0.75,2.25
2016,2,1623.5,1604.975,1642.025,1613.75,1633.25,4.0,4.0,4.0,4.0,4.0,0.3824360794546129,0.3739303940754384,0.3909417648337874,0.3779594029392579,0.3869127559699679,4.0,4.0,4.0,4.0,4.0,4.0,4.0,4.0,4.0,4.0,0.0,0.0,0.0,0.0,0.0,0.0,0.0,0.0,0.0,0.0,12.5,0.625,24.375,6.25,18.75,50.0,26.25,73.75,37.5,62.5,37.5,1.875,73.125,18.75,56.25,0.0,0.0,0.0,0.0,0.0,0.5,0.025,0.975,0.25,0.75,0.04892367906066536,0.002446183953033268,0.09540117416829745,0.02446183953033268,0.07338551859099804,1.5,0.07500000000000001,2.925,0.75,2.25
2017,2,1623.5,1611.625,1635.375,1617.25,1629.75,4.0,4.0,4.0,4.0,4.0,0.38397936387295883,0.3780280522351966,0.38993067551072114,0.3808470945899261,0.3871116331559916,4.0,4.0,4.0,4.0,4.0,4.0,4.0,4.0,4.0,4.0,0.0,0.0,0.0,0.0,0.0,0.5,0.025,0.975,0.25,0.75,12.5,0.625,24.375,6.25,18.75,50.0,26.25,73.75,37.5,62.5,37.5,1.875,73.125,18.75,56.25,0.0,0.0,0.0,0.0,0.0,0.5,0.025,0.975,0.25,0.75,0.04878048780487805,0.002439024390243903,0.0951219512195122,0.024390243902439025,0.07317073170731708,1.5,0.07500000000000001,2.925,0.75,2.25
2018,2,1620.5,1603.875,1637.125,1611.75,1629.25,4.5,4.025,4.975,4.25,4.75,0.43533288846307266,0.38229795372106634,0.488367823205079,0.40741976491464826,0.46324601201149707,4.5,4.025,4.975,4.25,4.75,4.5,4.025,4.975,4.25,4.75,0.0,0.0,0.0,0.0,0.0,0.5,0.025,0.975,0.25,0.75,10.0,0.5,19.5,5.0,15.0,42.5,25.875,59.125,33.75,51.25,47.5,21.375,73.625,33.75,61.25,0.0,0.0,0.0,0.0,0.0,0.5,0.025,0.975,0.25,0.75,0.04911591355599214,0.002455795677799607,0.09577603143418467,0.02455795677799607,0.0736738703339882,2.0,1.05,2.95,1.5,2.5
2019,2,1615.5,1596.025,1634.975,1605.25,1625.75,4.5,4.025,4.975,4.25,4.75,0.4415048039209113,0.38640889312030247,0.4966007147215201,0.4125069561311172,0.4705026517107054,4.5,4.025,4.975,4.25,4.75,4.5,4.025,4.975,4.25,4.75,0.0,0.0,0.0,0.0,0.0,0.5,0.025,0.975,0.25,0.75,10.0,0.5,19.5,5.0,15.0,42.5,25.875,59.125,33.75,51.25,47.5,21.375,73.625,33.75,61.25,0.0,0.0,0.0,0.0,0.0,0.5,0.025,0.975,0.25,0.75,0.04995004995004995,0.002497502497502498,0.09740259740259741,0.024975024975024976,0.07492507492507493,2.0,1.05,2.95,1.5,2.5
2020,2,1608.0,1589.0,1627.0,1598.0,1618.0,4.5,4.025,4.975,4.25,4.75,0.4430599490780033,0.38753761283851557,0.49858228531749094,0.41383766684669393,0.4722822313093126,4.5,4.025,4.975,4.25,4.75,4.5,4.025,4.975,4.25,4.75,0.0,0.0,0.0,0.0,0.0,1.0,0.05,1.95,0.5,1.5,10.0,0.5,19.5,5.0,15.0,42.5,25.875,59.125,33.75,51.25,47.5,21.375,73.625,33.75,61.25,0.0,0.0,0.0,0.0,0.0,0.5,0.025,0.975,0.25,0.75,0.05015045135406219,0.0025075225677031097,0.09779338014042127,0.025075225677031094,0.07522567703109329,2.0,1.05,2.95,1.5,2.5
2021,2,1592.5,1573.975,1611.025,1582.75,1602.25,3.5,3.025,3.975,3.25,3.75,0.3485355009920879,0.2938574249041146,0.4032135770800612,0.319757566208944,0.3773134357752318,3.5,3.025,3.975,3.25,3.75,3.5,3.025,3.975,3.25,3.75,0.0,0.0,0.0,0.0,0.0,1.0,0.05,1.95,0.5,1.5,12.5,0.625,24.375,6.25,18.75,41.666666666666664,33.74999999999999,49.583333333333336,37.5,45.83333333333333,45.83333333333333,26.041666666666668,65.62499999999999,35.416666666666664,56.24999999999999,0.0,0.0,0.0,0.0,0.0,0.5,0.025,0.975,0.25,0.75,0.050761421319796954,0.002538071065989848,0.09898477157360405,0.025380710659898477,0.07614213197969544,1.5,1.025,1.975,1.25,1.75
2022,2,1584.5,1561.225,1607.775,1572.25,1596.75,3.5,3.025,3.975,3.25,3.75,0.35259717922256617,0.2954076367389061,0.4097867217062263,0.3224974200206398,0.3826969384244926,3.5,3.025,3.975,3.25,3.75,3.5,3.025,3.975,3.25,3.75,0.0,0.0,0.0,0.0,0.0,1.0,0.05,1.95,0.5,1.5,12.5,0.625,24.375,6.25,18.75,41.666666666666664,33.74999999999999,49.583333333333336,37.5,45.83333333333333,45.83333333333333,26.041666666666668,65.62499999999999,35.416666666666664,56.24999999999999,0.0,0.0,0.0,0.0,0.0,0.5,0.025,0.975,0.25,0.75,0.05159958720330237,0.0025799793601651187,0.10061919504643962,0.025799793601651185,0.07739938080495355,1.5,1.025,1.975,1.25,1.75
2023,2,1586.5,1564.175,1608.825,1574.75,1598.25,3.5,3.025,3.975,3.25,3.75,0.353465848849679,0.2979092806430739,0.4090224170562841,0.3242255497935711,0.38270614790578694,3.5,3.025,3.975,3.25,3.75,3.5,3.025,3.975,3.25,3.75,0.0,0.0,0.0,0.0,0.0,1.0,0.05,1.95,0.5,1.5,12.5,0.625,24.375,6.25,18.75,41.666666666666664,33.74999999999999,49.583333333333336,37.5,45.83333333333333,45.83333333333333,26.041666666666668,65.62499999999999,35.416666666666664,56.24999999999999,0.0,0.0,0.0,0.0,0.0,0.5,0.025,0.975,0.25,0.75,0.051493305870236865,0.0025746652935118436,0.10041194644696189,0.025746652935118432,0.0772399588053553,1.5,1.025,1.975,1.25,1.75
2024,2,1570.5,1546.275,1594.725,1557.75,1583.25,3.5,3.025,3.975,3.25,3.75,0.35780430485736076,0.3014723047951069,0.4141363049196146,0.328155883771964,0.38745272594275754,3.5,3.025,3.975,3.25,3.75,3.5,3.025,3.975,3.25,3.75,0.0,0.0,0.0,0.0,0.0,1.0,0.05,1.95,0.5,1.5,12.5,0.625,24.375,6.25,18.75,41.666666666666664,33.74999999999999,49.583333333333336,37.5,45.83333333333333,45.83333333333333,26.041666666666668,65.62499999999999,35.416666666666664,56.24999999999999,0.0,0.0,0.0,0.0,0.0,0.5,0.025,0.975,0.25,0.75,0.05213764337851929,0.002606882168925965,0.10166840458811262,0.026068821689259645,0.07820646506777894,1.5,1.025,1.975,1.25,1.75
2025,2,1563.5,1543.075,1583.925,1552.75,1574.25,3.5,3.025,3.975,3.25,3.75,0.36262616790561275,0.30542969549205484,0.4198226403191707,0.33252276137216125,0.3927295744390643,3.5,3.025,3.975,3.25,3.75,3.5,3.025,3.975,3.25,3.75,0.0,0.0,0.0,0.0,0.0,1.0,0.05,1.95,0.5,1.5,12.5,0.625,24.375,6.25,18.75,41.666666666666664,33.74999999999999,49.583333333333336,37.5,45.83333333333333,45.83333333333333,26.041666666666668,65.62499999999999,35.416666666666664,56.24999999999999,0.0,0.0,0.0,0.0,0.0,0.5,0.025,0.975,0.25,0.75,0.052854122621564484,0.0026427061310782245,0.10306553911205074,0.026427061310782242,0.07928118393234673,1.5,1.025,1.975,1.25,1.75
2026,2,1554.0,1535.0,1573.0,1544.0,1564.0,3.0,2.05,3.95,2.5,3.5,0.31531477414091197,0.21103809225278045,0.41959145602904346,0.2604323099892638,0.3701972382925601,3.0,2.05,3.95,2.5,3.5,3.0,2.05,3.95,2.5,3.5,0.0,0.0,0.0,0.0,0.0,1.0,0.05,1.95,0.5,1.5,12.5,0.625,24.375,6.25,18.75,50.0,50.0,50.0,50.0,50.0,37.5,25.625,49.375,31.25,43.75,0.0,0.0,0.0,0.0,0.0,0.5,0.025,0.975,0.25,0.75,0.053134962805526036,0.002656748140276302,0.10361317747077577,0.026567481402763018,0.07970244420828905,1.0,1.0,1.0,1.0,1.0
2027,2,1538.5,1519.025,1557.975,1528.25,1548.75,2.5,2.025,2.975,2.25,2.75,0.2651983795541541,0.21035535466235503,0.32004140444595314,0.23633362961110194,0.2940631294972062,2.5,2.025,2.975,2.25,2.75,2.5,2.025,2.975,2.25,2.75,0.0,0.0,0.0,0.0,0.0,1.0,0.05,1.95,0.5,1.5,16.666666666666664,0.8333333333333333,32.49999999999999,8.333333333333332,24.999999999999996,41.666666666666664,33.74999999999999,49.583333333333336,37.5,45.83333333333333,41.666666666666664,33.74999999999999,49.583333333333336,37.5,45.83333333333333,0.0,0.0,0.0,0.0,0.0,0.5,0.025,0.975,0.25,0.75,0.05382131324004305,0.0026910656620021526,0.10495156081808395,0.026910656620021525,0.08073196986006458,1.0,1.0,1.0,1.0,1.0
2028,2,1524.0,1507.85,1540.15,1515.5,1532.5,2.5,2.025,2.975,2.25,2.75,0.2686220081620648,0.2147022868487812,0.32254172947534837,0.2402432074708629,0.29700080885326663,2.5,2.025,2.975,2.25,2.75,2.5,2.025,2.975,2.25,2.75,0.0,0.0,0.0,0.0,0.0,1.0,0.05,1.95,0.5,1.5,16.666666666666664,0.8333333333333333,32.49999999999999,8.333333333333332,24.999999999999996,41.666666666666664,33.74999999999999,49.583333333333336,37.5,45.83333333333333,41.666666666666664,33.74999999999999,49.583333333333336,37.5,45.83333333333333,0.0,0.0,0.0,0.0,0.0,0.5,0.025,0.975,0.25,0.75,0.05422993492407809,0.002711496746203905,0.10574837310195227,0.027114967462039046,0.08134490238611713,1.0,1.0,1.0,1.0,1.0
2029,2,1510.0,1492.9,1527.1,1501.0,1519.0,1.5,1.025,1.975,1.25,1.75,0.16324541991230182,0.1097665490704814,0.21672429075412222,0.13509864578502792,0.19139219403957572,1.5,1.025,1.975,1.25,1.75,1.5,1.025,1.975,1.25,1.75,0.0,0.0,0.0,0.0,0.0,1.0,0.05,1.95,0.5,1.5,25.0,1.25,48.75,12.5,37.5,0.0,0.0,0.0,0.0,0.0,75.0,51.25,98.75,62.5,87.5,0.0,0.0,0.0,0.0,0.0,0.5,0.025,0.975,0.25,0.75,0.054884742041712405,0.0027442371020856204,0.10702524698133918,0.027442371020856202,0.08232711306256861,1.0,1.0,1.0,1.0,1.0
2030,2,1503.5,1482.125,1524.875,1492.25,1514.75,1.5,1.025,1.975,1.25,1.75,0.1647320231391028,0.11105045397080796,0.21841359230739762,0.1364785656821055,0.19298548059610007,1.5,1.025,1.975,1.25,1.75,1.5,1.025,1.975,1.25,1.75,0.0,0.0,0.0,0.0,0.0,1.0,0.05,1.95,0.5,1.5,25.0,1.25,48.75,12.5,37.5,0.0,0.0,0.0,0.0,0.0,75.0,51.25,98.75,62.5,87.5,0.0,0.0,0.0,0.0,0.0,0.5,0.025,0.975,0.25,0.75,0.05530973451327434,0.002765486725663717,0.10785398230088496,0.02765486725663717,0.08296460176991151,1.0,1.0,1.0,1.0,1.0
2031,2,1493.5,1474.975,1512.025,1483.75,1503.25,1.5,1.025,1.975,1.25,1.75,0.1681276724957564,0.11291683466989232,0.22333851032162041,0.13906933679793318,0.19718600819357956,1.5,1.025,1.975,1.25,1.75,1.5,1.025,1.975,1.25,1.75,0.0,0.0,0.0,0.0,0.0,1.0,0.05,1.95,0.5,1.5,25.0,1.25,48.75,12.5,37.5,0.0,0.0,0.0,0.0,0.0,75.0,51.25,98.75,62.5,87.5,0.0,0.0,0.0,0.0,0.0,0.5,0.025,0.975,0.25,0.75,0.056561085972850686,0.0028280542986425343,0.11029411764705883,0.028280542986425343,0.08484162895927602,1.0,1.0,1.0,1.0,1.0
2032,2,1475.5,1456.025,1494.975,1465.25,1485.75,1.5,1.025,1.975,1.25,1.75,0.16968715326046754,0.11522593069673126,0.22414837582420385,0.14102335191113266,0.19835095460980245,1.5,1.025,1.975,1.25,1.75,1.5,1.025,1.975,1.25,1.75,0.0,0.0,0.0,0.0,0.0,1.0,0.05,1.95,0.5,1.5,25.0,1.25,48.75,12.5,37.5,0.0,0.0,0.0,0.0,0.0,75.0,51.25,98.75,62.5,87.5,0.0,0.0,0.0,0.0,0.0,0.5,0.025,0.975,0.25,0.75,0.056753688989784334,0.0028376844494892167,0.11066969353007945,0.028376844494892167,0.0851305334846765,1.0,1.0,1.0,1.0,1.0
2033,2,1456.0,1438.9,1473.1,1447.0,1465.0,1.5,1.025,1.975,1.25,1.75,0.17276916014589688,0.11622622697671728,0.2293120933150765,0.14300972163580236,0.20252859865599143,1.5,1.025,1.975,1.25,1.75,1.5,1.025,1.975,1.25,1.75,0.0,0.0,0.0,0.0,0.0,1.0,0.05,1.95,0.5,1.5,25.0,1.25,48.75,12.5,37.5,0.0,0.0,0.0,0.0,0.0,75.0,51.25,98.75,62.5,87.5,0.0,0.0,0.0,0.0,0.0,0.5,0.025,0.975,0.25,0.75,0.05807200929152149,0.0029036004645760748,0.1132404181184669,0.029036004645760744,0.08710801393728224,1.0,1.0,1.0,1.0,1.0
2034,2,1451.5,1433.925,1469.075,1442.25,1460.75,2.0,2.0,2.0,2.0,2.0,0.23214353041295696,0.2270266776544347,0.2372603831714792,0.2294504500137347,0.23483661081217921,2.0,2.0,2.0,2.0,2.0,2.0,2.0,2.0,2.0,2.0,0.0,0.0,0.0,0.0,0.0,1.0,0.05,1.95,0.5,1.5,50.0,50.0,50.0,50.0,50.0,0.0,0.0,0.0,0.0,0.0,50.0,50.0,50.0,50.0,50.0,0.0,0.0,0.0,0.0,0.0,1.0,1.0,1.0,1.0,1.0,0.11607176520647848,0.11351333882721736,0.1186301915857396,0.11472522500686735,0.11741830540608961,1.0,1.0,1.0,1.0,1.0
2035,2,1434.0,1417.85,1450.15,1425.5,1442.5,2.0,2.0,2.0,2.0,2.0,0.235544316713526,0.23067122505226617,0.2404174083747858,0.2329795316286524,0.23810910179839959,2.0,2.0,2.0,2.0,2.0,2.0,2.0,2.0,2.0,2.0,0.0,0.0,0.0,0.0,0.0,1.0,0.05,1.95,0.5,1.5,50.0,50.0,50.0,50.0,50.0,0.0,0.0,0.0,0.0,0.0,50.0,50.0,50.0,50.0,50.0,0.0,0.0,0.0,0.0,0.0,1.0,1.0,1.0,1.0,1.0,0.117772158356763,0.11533561252613309,0.1202087041873929,0.1164897658143262,0.11905455089919979,1.0,1.0,1.0,1.0,1.0
2036,2,1423.0,1403.05,1442.95,1412.5,1433.5,2.0,2.0,2.0,2.0,2.0,0.23922145071437556,0.23392368935814867,0.24451921207060245,0.23643315526372982,0.2420097461650213,2.0,2.0,2.0,2.0,2.0,2.0,2.0,2.0,2.0,2.0,0.0,0.0,0.0,0.0,0.0,1.0,0.05,1.95,0.5,1.5,50.0,50.0,50.0,50.0,50.0,0.0,0.0,0.0,0.0,0.0,50.0,50.0,50.0,50.0,50.0,0.0,0.0,0.0,0.0,0.0,1.0,1.0,1.0,1.0,1.0,0.11961072535718778,0.11696184467907433,0.12225960603530123,0.11821657763186491,0.12100487308251065,1.0,1.0,1.0,1.0,1.0
2037,2,1402.0,1383.95,1420.05,1392.5,1411.5,2.0,2.0,2.0,2.0,2.0,0.24256679775074425,0.2369804108934544,0.2481531846080341,0.23962659414164433,0.24550700135984416,2.0,2.0,2.0,2.0,2.0,2.0,2.0,2.0,2.0,2.0,0.0,0.0,0.0,0.0,0.0,1.0,0.05,1.95,0.5,1.5,50.0,50.0,50.0,50.0,50.0,0.0,0.0,0.0,0.0,0.0,50.0,50.0,50.0,50.0,50.0,0.0,0.0,0.0,0.0,0.0,1.0,1.0,1.0,1.0,1.0,0.12128339887537212,0.1184902054467272,0.12407659230401705,0.11981329707082217,0.12275350067992208,1.0,1.0,1.0,1.0,1.0
2038,2,1394.0,1372.15,1415.85,1382.5,1405.5,2.0,2.0,2.0,2.0,2.0,0.2471816105431583,0.24210515066016877,0.25225807042614784,0.2445097895521112,0.24985343153420542,2.0,2.0,2.0,2.0,2.0,2.0,2.0,2.0,2.0,2.0,0.0,0.0,0.0,0.0,0.0,1.0,0.05,1.95,0.5,1.5,50.0,50.0,50.0,50.0,50.0,0.0,0.0,0.0,0.0,0.0,50.0,50.0,50.0,50.0,50.0,0.0,0.0,0.0,0.0,0.0,1.0,1.0,1.0,1.0,1.0,0.12359080527157915,0.12105257533008439,0.12612903521307392,0.1222548947760556,0.12492671576710271,1.0,1.0,1.0,1.0,1.0
2039,2,1380.0,1361.0,1399.0,1370.0,1390.0,2.0,1.05,2.95,1.5,2.5,0.24873235360728757,0.13361008706811947,0.36385462014645564,0.1881416870077254,0.3093230202068497,2.0,1.05,2.95,1.5,2.5,2.0,1.05,2.95,1.5,2.5,0.0,0.0,0.0,0.0,0.0,1.0,0.05,1.95,0.5,1.5,16.666666666666664,0.8333333333333333,32.49999999999999,8.333333333333332,24.999999999999996,0.0,0.0,0.0,0.0,0.0,83.33333333333333,67.49999999999999,99.16666666666667,75.0,91.66666666666666,0.0,0.0,0.0,0.0,0.0,0.5,0.025,0.975,0.25,0.75,0.06165228113440197,0.0030826140567200987,0.12022194821208385,0.030826140567200986,0.09247842170160296,1.5,1.025,1.975,1.25,1.75
2040,2,1364.0,1343.1,1384.9,1353.0,1375.0,1.5,1.025,1.975,1.25,1.75,0.19022762390765197,0.13225039928323792,0.24820484853206598,0.15971329515796034,0.22074195265734356,1.5,1.025,1.975,1.25,1.75,1.5,1.025,1.975,1.25,1.75,0.0,0.0,0.0,0.0,0.0,1.0,0.05,1.95,0.5,1.5,25.0,1.25,48.75,12.5,37.5,0.0,0.0,0.0,0.0,0.0,75.0,51.25,98.75,62.5,87.5,0.0,0.0,0.0,0.0,0.0,0.5,0.025,0.975,0.25,0.75,0.06281407035175879,0.0031407035175879394,0.12248743718592964,0.031407035175879394,0.09422110552763818,1.0,1.0,1.0,1.0,1.0
2041,2,1353.0,1330.2,1375.8,1341.0,1365.0,1.5,1.025,1.975,1.25,1.75,0.19154843096993984,0.13392297128671687,0.2491738906531628,0.1612192416629804,0.2218776202768993,1.5,1.025,1.975,1.25,1.75,1.5,1.025,1.975,1.25,1.75,0.0,0.0,0.0,0.0,0.0,1.0,0.05,1.95,0.5,1.5,25.0,1.25,48.75,12.5,37.5,0.0,0.0,0.0,0.0,0.0,75.0,51.25,98.75,62.5,87.5,0.0,0.0,0.0,0.0,0.0,0.5,0.025,0.975,0.25,0.75,0.06305170239596469,0.003152585119798235,0.12295081967213115,0.031525851197982346,0.09457755359394704,1.0,1.0,1.0,1.0,1.0
2042,2,1333.0,1316.85,1349.15,1324.5,1341.5,1.5,1.025,1.975,1.25,1.75,0.19586563307493543,0.13645994832041344,0.2552713178294574,0.16459948320413437,0.22713178294573647,1.5,1.025,1.975,1.25,1.75,1.5,1.025,1.975,1.25,1.75,0.0,0.0,0.0,0.0,0.0,1.0,0.05,1.95,0.5,1.5,25.0,1.25,48.75,12.5,37.5,0.0,0.0,0.0,0.0,0.0,75.0,51.25,98.75,62.5,87.5,0.0,0.0,0.0,0.0,0.0,0.5,0.025,0.975,0.25,0.75,0.06459948320413438,0.003229974160206719,0.12596899224806202,0.03229974160206719,0.09689922480620156,1.0,1.0,1.0,1.0,1.0
2043,2,1324.5,1309.775,1339.225,1316.75,1332.25,1.5,1.025,1.975,1.25,1.75,0.1988736983778423,0.13780371183679252,0.2599436849188921,0.16673160019834243,0.2310157965573422,1.5,1.025,1.975,1.25,1.75,1.5,1.025,1.975,1.25,1.75,0.0,0.0,0.0,0.0,0.0,1.0,0.05,1.95,0.5,1.5,25.0,1.25,48.75,12.5,37.5,0.0,0.0,0.0,0.0,0.0,75.0,51.25,98.75,62.5,87.5,0.0,0.0,0.0,0.0,0.0,0.5,0.025,0.975,0.25,0.75,0.06578947368421052,0.003289473684210526,0.1282894736842105,0.03289473684210526,0.09868421052631579,1.0,1.0,1.0,1.0,1.0
2044,2,1308.0,1288.05,1327.95,1297.5,1318.5,1.5,1.025,1.975,1.25,1.75,0.20097091971716688,0.14090254047621648,0.2610392989581173,0.16935598327456142,0.23258585615977234,1.5,1.025,1.975,1.25,1.75,1.5,1.025,1.975,1.25,1.75,0.0,0.0,0.0,0.0,0.0,1.0,0.05,1.95,0.5,1.5,25.0,1.25,48.75,12.5,37.5,0.0,0.0,0.0,0.0,0.0,75.0,51.25,98.75,62.5,87.5,0.0,0.0,0.0,0.0,0.0,0.5,0.025,0.975,0.25,0.75,0.06605019815059446,0.003302509907529723,0.1287978863936592,0.03302509907529723,0.09907529722589169,1.0,1.0,1.0,1.0,1.0
2045,2,1292.0,1272.05,1311.95,1281.5,1302.5,1.5,1.025,1.975,1.25,1.75,0.2032820194859402,0.1434039326713517,0.2631601063005287,0.17176723695194626,0.23479680201993416,1.5,1.025,1.975,1.25,1.75,1.5,1.025,1.975,1.25,1.75,0.0,0.0,0.0,0.0,0.0,1.0,0.05,1.95,0.5,1.5,25.0,1.25,48.75,12.5,37.5,0.0,0.0,0.0,0.0,0.0,75.0,51.25,98.75,62.5,87.5,0.0,0.0,0.0,0.0,0.0,0.5,0.025,0.975,0.25,0.75,0.06657789613848203,0.0033288948069241015,0.12982689747003995,0.033288948069241014,0.09986684420772304,1.0,1.0,1.0,1.0,1.0
2046,2,1278.5,1255.225,1301.775,1266.25,1290.75,1.5,1.025,1.975,1.25,1.75,0.20719624139428144,0.14588049680580537,0.26851198598275755,0.1749247968740309,0.23946768591453202,1.5,1.025,1.975,1.25,1.75,1.5,1.025,1.975,1.25,1.75,0.0,0.0,0.0,0.0,0.0,1.0,0.05,1.95,0.5,1.5,25.0,1.25,48.75,12.5,37.5,0.0,0.0,0.0,0.0,0.0,75.0,51.25,98.75,62.5,87.5,0.0,0.0,0.0,0.0,0.0,0.5,0.025,0.975,0.25,0.75,0.06793478260869565,0.0033967391304347825,0.1324728260869565,0.033967391304347824,0.10190217391304347,1.0,1.0,1.0,1.0,1.0
2047,2,1268.5,1238.575,1298.425,1252.75,1284.25,1.5,1.025,1.975,1.25,1.75,0.20912607939244204,0.14894026898419938,0.26931188980068477,0.17744933707231433,0.24080282171256978,1.5,1.025,1.975,1.25,1.75,1.5,1.025,1.975,1.25,1.75,0.0,0.0,0.0,0.0,0.0,1.0,0.05,1.95,0.5,1.5,25.0,1.25,48.75,12.5,37.5,0.0,0.0,0.0,0.0,0.0,75.0,51.25,98.75,62.5,87.5,0.0,0.0,0.0,0.0,0.0,0.5,0.025,0.975,0.25,0.75,0.06811989100817438,0.0034059945504087193,0.13283378746594005,0.03405994550408719,0.10217983651226156,1.0,1.0,1.0,1.0,1.0
2048,2,1263.0,1230.7,1295.3,1246.0,1280.0,1.5,1.025,1.975,1.25,1.75,0.20932291281575788,0.1503777803977835,0.26826804523373227,0.1782991589115608,0.24034666671995492,1.5,1.025,1.975,1.25,1.75,1.5,1.025,1.975,1.25,1.75,0.0,0.0,0.0,0.0,0.0,1.0,0.05,1.95,0.5,1.5,25.0,1.25,48.75,12.5,37.5,0.0,0.0,0.0,0.0,0.0,75.0,51.25,98.75,62.5,87.5,0.0,0.0,0.0,0.0,0.0,0.5,0.025,0.975,0.25,0.75,0.06784260515603799,0.0033921302578018998,0.13229308005427406,0.033921302578018994,0.10176390773405698,1.0,1.0,1.0,1.0,1.0
2049,2,1252.0,1219.7,1284.3,1235.0,1269.0,2.0,2.0,2.0,2.0,2.0,0.28391827339055964,0.27340464491100136,0.294431901870118,0.2783847847171079,0.2894517620640114,2.0,2.0,2.0,2.0,2.0,2.0,2.0,2.0,2.0,2.0,0.0,0.0,0.0,0.0,0.0,1.0,0.05,1.95,0.5,1.5,25.0,1.25,48.75,12.5,37.5,0.0,0.0,0.0,0.0,0.0,75.0,51.25,98.75,62.5,87.5,0.0,0.0,0.0,0.0,0.0,0.5,0.025,0.975,0.25,0.75,0.06821282401091405,0.0034106412005457027,0.1330150068212824,0.034106412005457026,0.10231923601637108,1.5,1.025,1.975,1.25,1.75
2050,2,1235.5,1202.725,1268.275,1218.25,1252.75,1.5,1.025,1.975,1.25,1.75,0.21214580873671784,0.1519763380558835,0.2723152794175521,0.1804776662731208,0.24381395120031485,1.5,1.025,1.975,1.25,1.75,1.5,1.025,1.975,1.25,1.75,0.0,0.0,0.0,0.0,0.0,1.5,0.07500000000000001,2.925,0.75,2.25,25.0,1.25,48.75,12.5,37.5,0.0,0.0,0.0,0.0,0.0,75.0,51.25,98.75,62.5,87.5,0.0,0.0,0.0,0.0,0.0,0.5,0.025,0.975,0.25,0.75,0.06887052341597796,0.003443526170798898,0.13429752066115702,0.03443526170798898,0.10330578512396695,1.0,1.0,1.0,1.0,1.0
2051,2,1221.0,1191.55,1250.45,1205.5,1236.5,2.0,1.05,2.95,1.5,2.5,0.2835856063623265,0.15660806592531273,0.4105631467993402,0.21675532192179292,0.35041589080286006,2.0,1.05,2.95,1.5,2.5,2.0,1.05,2.95,1.5,2.5,0.0,0.0,0.0,0.0,0.0,1.5,0.07500000000000001,2.925,0.75,2.25,16.666666666666664,0.8333333333333333,32.49999999999999,8.333333333333332,24.999999999999996,16.666666666666664,0.8333333333333333,32.49999999999999,8.333333333333332,24.999999999999996,66.66666666666666,34.99999999999999,98.33333333333333,50.0,83.33333333333333,0.0,0.0,0.0,0.0,0.0,0.5,0.025,0.975,0.25,0.75,0.06954102920723226,0.0034770514603616135,0.1356050069541029,0.03477051460361613,0.1043115438108484,1.0,1.0,1.0,1.0,1.0
2052,2,1204.0,1172.65,1235.35,1187.5,1220.5,2.5,1.075,3.925,1.75,3.25,0.3532391919040041,0.16030460223784285,0.5461737815701654,0.25169467102707715,0.4547837127809311,2.5,1.075,3.925,1.75,3.25,2.5,1.075,3.925,1.75,3.25,0.0,0.0,0.0,0.0,0.0,1.5,0.07500000000000001,2.925,0.75,2.25,12.5,0.625,24.375,6.25,18.75,12.5,0.625,24.375,6.25,18.75,75.0,51.25,98.75,62.5,87.5,0.0,0.0,0.0,0.0,0.0,0.5,0.025,0.975,0.25,0.75,0.06954102920723226,0.0034770514603616135,0.1356050069541029,0.03477051460361613,0.1043115438108484,1.5,1.025,1.975,1.25,1.75
2053,2,1186.0,1157.5,1214.5,1171.0,1201.0,2.5,1.075,3.925,1.75,3.25,0.35818663621956,0.16098162096760452,0.5553916514715155,0.2543945229290571,0.4619787495100629,2.5,1.075,3.925,1.75,3.25,2.5,1.075,3.925,1.75,3.25,0.0,0.0,0.0,0.0,0.0,1.5,0.07500000000000001,2.925,0.75,2.25,12.5,0.625,24.375,6.25,18.75,12.5,0.625,24.375,6.25,18.75,75.0,51.25,98.75,62.5,87.5,0.0,0.0,0.0,0.0,0.0,0.5,0.025,0.975,0.25,0.75,0.07072135785007072,0.0035360678925035363,0.1379066478076379,0.03536067892503536,0.10608203677510608,1.5,1.025,1.975,1.25,1.75
2054,2,1176.5,1152.275,1200.725,1163.75,1189.25,2.0,0.1,3.9,1.0,3.0,0.2881844380403458,0.014409221902017292,0.5619596541786743,0.1440922190201729,0.43227665706051877,2.0,0.1,3.9,1.0,3.0,2.0,0.1,3.9,1.0,3.0,0.0,0.0,0.0,0.0,0.0,1.5,0.07500000000000001,2.925,0.75,2.25,12.5,0.625,24.375,6.25,18.75,12.5,0.625,24.375,6.25,18.75,25.0,1.25,48.75,12.5,37.5,0.0,0.0,0.0,0.0,0.0,0.5,0.025,0.975,0.25,0.75,0.07204610951008646,0.003602305475504323,0.14048991354466858,0.03602305475504323,0.10806916426512969,1.0,0.05,1.95,0.5,1.5
2055,2,1159.5,1132.425,1186.575,1145.25,1173.75,2.5,0.125,4.875,1.25,3.75,0.361794500723589,0.01808972503617945,0.7054992764109985,0.1808972503617945,0.5426917510853835,2.5,0.125,4.875,1.25,3.75,2.5,0.125,4.875,1.25,3.75,0.0,0.0,0.0,0.0,0.0,1.5,0.07500000000000001,2.925,0.75,2.25,10.0,0.5,19.5,5.0,15.0,20.0,1.0,39.0,10.0,30.0,20.0,1.0,39.0,10.0,30.0,0.0,0.0,0.0,0.0,0.0,0.5,0.025,0.975,0.25,0.75,0.0723589001447178,0.00361794500723589,0.1410998552821997,0.0361794500723589,0.1085383502170767,1.0,0.05,1.95,0.5,1.5
2056,2,1149.5,1123.375,1175.625,1135.75,1163.25,2.5,0.125,4.875,1.25,3.75,0.36710719530102787,0.018355359765051395,0.7158590308370043,0.18355359765051393,0.5506607929515418,2.5,0.125,4.875,1.25,3.75,2.5,0.125,4.875,1.25,3.75,0.0,0.0,0.0,0.0,0.0,1.5,0.07500000000000001,2.925,0.75,2.25,10.0,0.5,19.5,5.0,15.0,20.0,1.0,39.0,10.0,30.0,20.0,1.0,39.0,10.0,30.0,0.0,0.0,0.0,0.0,0.0,0.5,0.025,0.975,0.25,0.75,0.07342143906020558,0.0036710719530102793,0.14317180616740088,0.03671071953010279,0.11013215859030837,1.0,0.05,1.95,0.5,1.5
2057,2,1134.5,1113.125,1155.875,1123.25,1145.75,2.5,0.125,4.875,1.25,3.75,0.3720238095238095,0.018601190476190476,0.7254464285714285,0.18601190476190474,0.5580357142857142,2.5,0.125,4.875,1.25,3.75,2.5,0.125,4.875,1.25,3.75,0.0,0.0,0.0,0.0,0.0,1.5,0.07500000000000001,2.925,0.75,2.25,10.0,0.5,19.5,5.0,15.0,20.0,1.0,39.0,10.0,30.0,20.0,1.0,39.0,10.0,30.0,0.0,0.0,0.0,0.0,0.0,0.5,0.025,0.975,0.25,0.75,0.0744047619047619,0.0037202380952380955,0.1450892857142857,0.03720238095238095,0.11160714285714285,1.0,0.05,1.95,0.5,1.5
2058,2,1116.0,1092.25,1139.75,1103.5,1128.5,2.5,0.125,4.875,1.25,3.75,0.3748125937031484,0.018740629685157422,0.7308845577211394,0.1874062968515742,0.5622188905547226,2.5,0.125,4.875,1.25,3.75,2.5,0.125,4.875,1.25,3.75,0.0,0.0,0.0,0.0,0.0,1.5,0.07500000000000001,2.925,0.75,2.25,10.0,0.5,19.5,5.0,15.0,20.0,1.0,39.0,10.0,30.0,20.0,1.0,39.0,10.0,30.0,0.0,0.0,0.0,0.0,0.0,0.5,0.025,0.975,0.25,0.75,0.07496251874062969,0.0037481259370314847,0.14617691154422788,0.037481259370314844,0.11244377811094453,1.0,0.05,1.95,0.5,1.5
2059,2,1107.5,1081.375,1133.625,1093.75,1121.25,2.5,0.125,4.875,1.25,3.75,0.3787878787878788,0.01893939393939394,0.7386363636363636,0.1893939393939394,0.5681818181818181,2.5,0.125,4.875,1.25,3.75,2.5,0.125,4.875,1.25,3.75,0.0,0.0,0.0,0.0,0.0,1.5,0.07500000000000001,2.925,0.75,2.25,10.0,0.5,19.5,5.0,15.0,20.0,1.0,39.0,10.0,30.0,20.0,1.0,39.0,10.0,30.0,0.0,0.0,0.0,0.0,0.0,0.5,0.025,0.975,0.25,0.75,0.07575757575757576,0.003787878787878788,0.14772727272727273,0.03787878787878788,0.11363636363636365,1.0,0.05,1.95,0.5,1.5
2060,2,1091.0,1058.7,1123.3,1074.0,1108.0,2.5,0.125,4.875,1.25,3.75,0.380517503805175,0.01902587519025875,0.7420091324200913,0.1902587519025875,0.5707762557077625,2.5,0.125,4.875,1.25,3.75,2.5,0.125,4.875,1.25,3.75,0.0,0.0,0.0,0.0,0.0,1.5,0.07500000000000001,2.925,0.75,2.25,10.0,0.5,19.5,5.0,15.0,20.0,1.0,39.0,10.0,30.0,20.0,1.0,39.0,10.0,30.0,0.0,0.0,0.0,0.0,0.0,0.5,0.025,0.975,0.25,0.75,0.076103500761035,0.00380517503805175,0.14840182648401826,0.0380517503805175,0.1141552511415525,1.0,0.05,1.95,0.5,1.5
2061,2,1071.0,1035.85,1106.15,1052.5,1089.5,2.5,0.125,4.875,1.25,3.75,0.38284839203675347,0.019142419601837674,0.7465543644716692,0.19142419601837674,0.5742725880551303,2.5,0.125,4.875,1.25,3.75,2.5,0.125,4.875,1.25,3.75,0.0,0.0,0.0,0.0,0.0,2.0,0.1,3.9,1.0,3.0,10.0,0.5,19.5,5.0,15.0,20.0,1.0,39.0,10.0,30.0,20.0,1.0,39.0,10.0,30.0,0.0,0.0,0.0,0.0,0.0,0.5,0.025,0.975,0.25,0.75,0.0765696784073507,0.003828483920367535,0.14931087289433387,0.03828483920367535,0.11485451761102605,1.0,0.05,1.95,0.5,1.5
2062,2,1051.5,1018.725,1084.275,1034.25,1068.75,2.5,0.125,4.875,1.25,3.75,0.38699690402476783,0.01934984520123839,0.7546439628482973,0.19349845201238391,0.5804953560371517,2.5,0.125,4.875,1.25,3.75,2.5,0.125,4.875,1.25,3.75,0.0,0.0,0.0,0.0,0.0,2.0,0.1,3.9,1.0,3.0,10.0,0.5,19.5,5.0,15.0,20.0,1.0,39.0,10.0,30.0,20.0,1.0,39.0,10.0,30.0,0.0,0.0,0.0,0.0,0.0,0.5,0.025,0.975,0.25,0.75,0.07739938080495357,0.0038699690402476785,0.15092879256965944,0.03869969040247678,0.11609907120743035,1.0,0.05,1.95,0.5,1.5
2063,2,1038.5,1002.875,1074.125,1019.75,1057.25,2.5,0.125,4.875,1.25,3.75,0.39619651347068147,0.019809825673534075,0.7725832012678289,0.19809825673534073,0.5942947702060222,2.5,0.125,4.875,1.25,3.75,2.5,0.125,4.875,1.25,3.75,0.0,0.0,0.0,0.0,0.0,2.0,0.1,3.9,1.0,3.0,10.0,0.5,19.5,5.0,15.0,20.0,1.0,39.0,10.0,30.0,20.0,1.0,39.0,10.0,30.0,0.0,0.0,0.0,0.0,0.0,0.5,0.025,0.975,0.25,0.75,0.07923930269413629,0.003961965134706815,0.15451664025356576,0.039619651347068144,0.11885895404120443,1.0,0.05,1.95,0.5,1.5
2064,2,1027.0,990.9,1063.1,1008.0,1046.0,2.5,0.125,4.875,1.25,3.75,0.4032258064516129,0.020161290322580645,0.7862903225806451,0.20161290322580644,0.6048387096774193,2.5,0.125,4.875,1.25,3.75,2.5,0.125,4.875,1.25,3.75,0.0,0.0,0.0,0.0,0.0,2.0,0.1,3.9,1.0,3.0,10.0,0.5,19.5,5.0,15.0,20.0,1.0,39.0,10.0,30.0,20.0,1.0,39.0,10.0,30.0,0.0,0.0,0.0,0.0,0.0,0.5,0.025,0.975,0.25,0.75,0.08064516129032258,0.004032258064516129,0.15725806451612903,0.04032258064516129,0.12096774193548387,1.0,0.05,1.95,0.5,1.5
2065,2,1009.0,975.75,1042.25,991.5,1026.5,2.5,0.125,4.875,1.25,3.75,0.4098360655737705,0.020491803278688527,0.7991803278688525,0.20491803278688525,0.6147540983606558,2.5,0.125,4.875,1.25,3.75,2.5,0.125,4.875,1.25,3.75,0.0,0.0,0.0,0.0,0.0,2.0,0.1,3.9,1.0,3.0,10.0,0.5,19.5,5.0,15.0,20.0,1.0,39.0,10.0,30.0,20.0,1.0,39.0,10.0,30.0,0.0,0.0,0.0,0.0,0.0,0.5,0.025,0.975,0.25,0.75,0.08196721311475409,0.004098360655737705,0.15983606557377047,0.040983606557377046,0.12295081967213115,1.0,0.05,1.95,0.5,1.5
2066,2,997.0,965.65,1028.35,980.5,1013.5,2.5,0.125,4.875,1.25,3.75,0.4180602006688963,0.020903010033444816,0.8152173913043478,0.20903010033444816,0.6270903010033445,2.5,0.125,4.875,1.25,3.75,2.5,0.125,4.875,1.25,3.75,0.0,0.0,0.0,0.0,0.0,2.0,0.1,3.9,1.0,3.0,10.0,0.5,19.5,5.0,15.0,20.0,1.0,39.0,10.0,30.0,20.0,1.0,39.0,10.0,30.0,0.0,0.0,0.0,0.0,0.0,0.5,0.025,0.975,0.25,0.75,0.08361204013377926,0.004180602006688963,0.16304347826086957,0.04180602006688963,0.1254180602006689,1.0,0.05,1.95,0.5,1.5
2067,2,982.5,952.575,1012.425,966.75,998.25,2.0,0.1,3.9,1.0,3.0,0.33726812816188867,0.016863406408094434,0.6576728499156829,0.16863406408094433,0.5059021922428331,2.0,0.1,3.9,1.0,3.0,2.0,0.1,3.9,1.0,3.0,0.0,0.0,0.0,0.0,0.0,2.0,0.1,3.9,1.0,3.0,12.5,0.625,24.375,6.25,18.75,25.0,1.25,48.75,12.5,37.5,12.5,0.625,24.375,6.25,18.75,0.0,0.0,0.0,0.0,0.0,0.5,0.025,0.975,0.25,0.75,0.08431703204047217,0.0042158516020236085,0.16441821247892072,0.042158516020236084,0.12647554806070826,0.5,0.025,0.975,0.25,0.75
2068,2,975.0,944.6,1005.4,959.0,991.0,2.0,0.1,3.9,1.0,3.0,0.3389830508474576,0.01694915254237288,0.6610169491525423,0.1694915254237288,0.5084745762711864,2.0,0.1,3.9,1.0,3.0,2.0,0.1,3.9,1.0,3.0,0.0,0.0,0.0,0.0,0.0,2.0,0.1,3.9,1.0,3.0,12.5,0.625,24.375,6.25,18.75,25.0,1.25,48.75,12.5,37.5,12.5,0.625,24.375,6.25,18.75,0.0,0.0,0.0,0.0,0.0,0.5,0.025,0.975,0.25,0.75,0.0847457627118644,0.00423728813559322,0.16525423728813557,0.0423728813559322,0.1271186440677966,0.5,0.025,0.975,0.25,0.75
2069,2,958.0,923.8,992.2,940.0,976.0,2.0,0.1,3.9,1.0,3.0,0.34305317324185247,0.017152658662092625,0.6689536878216124,0.17152658662092624,0.5145797598627787,2.0,0.1,3.9,1.0,3.0,2.0,0.1,3.9,1.0,3.0,0.0,0.0,0.0,0.0,0.0,2.5,0.125,4.875,1.25,3.75,12.5,0.625,24.375,6.25,18.75,25.0,1.25,48.75,12.5,37.5,12.5,0.625,24.375,6.25,18.75,0.0,0.0,0.0,0.0,0.0,0.5,0.025,0.975,0.25,0.75,0.08576329331046312,0.004288164665523156,0.1672384219554031,0.04288164665523156,0.12864493996569468,0.5,0.025,0.975,0.25,0.75
2070,2,942.5,910.675,974.325,925.75,959.25,2.0,0.1,3.9,1.0,3.0,0.34965034965034963,0.017482517482517484,0.6818181818181818,0.17482517482517482,0.5244755244755245,2.0,0.1,3.9,1.0,3.0,2.0,0.1,3.9,1.0,3.0,0.0,0.0,0.0,0.0,0.0,2.5,0.125,4.875,1.25,3.75,12.5,0.625,24.375,6.25,18.75,25.0,1.25,48.75,12.5,37.5,12.5,0.625,24.375,6.25,18.75,0.0,0.0,0.0,0.0,0.0,0.5,0.025,0.975,0.25,0.75,0.08741258741258741,0.004370629370629371,0.17045454545454544,0.043706293706293704,0.13111888111888112,0.5,0.025,0.975,0.25,0.75
2071,2,929.5,898.625,960.375,913.25,945.75,2.0,0.1,3.9,1.0,3.0,0.35398230088495575,0.017699115044247787,0.6902654867256637,0.17699115044247787,0.5309734513274336,2.0,0.1,3.9,1.0,3.0,2.0,0.1,3.9,1.0,3.0,0.0,0.0,0.0,0.0,0.0,2.5,0.125,4.875,1.25,3.75,12.5,0.625,24.375,6.25,18.75,25.0,1.25,48.75,12.5,37.5,12.5,0.625,24.375,6.25,18.75,0.0,0.0,0.0,0.0,0.0,0.5,0.025,0.975,0.25,0.75,0.08849557522123894,0.004424778761061947,0.17256637168141592,0.04424778761061947,0.1327433628318584,0.5,0.025,0.975,0.25,0.75
2072,2,917.0,884.7,949.3,900.0,934.0,2.0,0.1,3.9,1.0,3.0,0.36101083032490977,0.01805054151624549,0.703971119133574,0.18050541516245489,0.5415162454873647,2.0,0.1,3.9,1.0,3.0,2.0,0.1,3.9,1.0,3.0,0.0,0.0,0.0,0.0,0.0,2.5,0.125,4.875,1.25,3.75,12.5,0.625,24.375,6.25,18.75,25.0,1.25,48.75,12.5,37.5,12.5,0.625,24.375,6.25,18.75,0.0,0.0,0.0,0.0,0.0,0.5,0.025,0.975,0.25,0.75,0.09025270758122744,0.004512635379061373,0.1759927797833935,0.04512635379061372,0.13537906137184116,0.5,0.025,0.975,0.25,0.75
2073,2,903.0,869.75,936.25,885.5,920.5,2.0,0.1,3.9,1.0,3.0,0.36900369003690037,0.01845018450184502,0.7195571955719557,0.18450184501845018,0.5535055350553506,2.0,0.1,3.9,1.0,3.0,2.0,0.1,3.9,1.0,3.0,0.0,0.0,0.0,0.0,0.0,2.5,0.125,4.875,1.25,3.75,12.5,0.625,24.375,6.25,18.75,25.0,1.25,48.75,12.5,37.5,12.5,0.625,24.375,6.25,18.75,0.0,0.0,0.0,0.0,0.0,0.5,0.025,0.975,0.25,0.75,0.09225092250922509,0.004612546125461255,0.17988929889298894,0.046125461254612546,0.13837638376383765,0.5,0.025,0.975,0.25,0.75
2074,2,891.0,856.8,925.2,873.0,909.0,2.0,0.1,3.9,1.0,3.0,0.3703703703703704,0.01851851851851852,0.7222222222222223,0.1851851851851852,0.5555555555555556,2.0,0.1,3.9,1.0,3.0,2.0,0.1,3.9,1.0,3.0,0.0,0.0,0.0,0.0,0.0,2.5,0.125,4.875,1.25,3.75,12.5,0.625,24.375,6.25,18.75,25.0,1.25,48.75,12.5,37.5,12.5,0.625,24.375,6.25,18.75,0.0,0.0,0.0,0.0,0.0,0.5,0.025,0.975,0.25,0.75,0.0925925925925926,0.00462962962962963,0.18055555555555558,0.0462962962962963,0.1388888888888889,0.5,0.025,0.975,0.25,0.75
2075,2,873.0,841.65,904.35,856.5,889.5,2.0,0.1,3.9,1.0,3.0,0.3795066413662239,0.018975332068311198,0.7400379506641366,0.18975332068311196,0.5692599620493359,2.0,0.1,3.9,1.0,3.0,2.0,0.1,3.9,1.0,3.0,0.0,0.0,0.0,0.0,0.0,2.5,0.125,4.875,1.25,3.75,12.5,0.625,24.375,6.25,18.75,25.0,1.25,48.75,12.5,37.5,12.5,0.625,24.375,6.25,18.75,0.0,0.0,0.0,0.0,0.0,0.5,0.025,0.975,0.25,0.75,0.09487666034155598,0.0047438330170777995,0.18500948766603414,0.04743833017077799,0.14231499051233398,0.5,0.025,0.975,0.25,0.75
2076,2,867.0,833.75,900.25,849.5,884.5,2.0,0.1,3.9,1.0,3.0,0.3787878787878788,0.01893939393939394,0.7386363636363636,0.1893939393939394,0.5681818181818181,2.0,0.1,3.9,1.0,3.0,2.0,0.1,3.9,1.0,3.0,0.0,0.0,0.0,0.0,0.0,2.5,0.125,4.875,1.25,3.75,12.5,0.625,24.375,6.25,18.75,25.0,1.25,48.75,12.5,37.5,12.5,0.625,24.375,6.25,18.75,0.0,0.0,0.0,0.0,0.0,0.5,0.025,0.975,0.25,0.75,0.0946969696969697,0.004734848484848485,0.1846590909090909,0.04734848484848485,0.14204545454545453,0.5,0.025,0.975,0.25,0.75
2077,2,860.0,826.75,893.25,842.5,877.5,2.5,1.075,3.925,1.75,3.25,0.49777481085892294,0.24685135736537603,0.7486982643524699,0.36570983533600354,0.6298397863818423,2.5,1.075,3.925,1.75,3.25,2.5,1.075,3.925,1.75,3.25,0.0,0.0,0.0,0.0,0.0,2.5,0.125,4.875,1.25,3.75,12.5,0.625,24.375,6.25,18.75,75.0,51.25,98.75,62.5,87.5,12.5,0.625,24.375,6.25,18.75,0.0,0.0,0.0,0.0,0.0,0.5,0.025,0.975,0.25,0.75,0.09523809523809523,0.004761904761904762,0.1857142857142857,0.047619047619047616,0.14285714285714285,0.5,0.025,0.975,0.25,0.75
2078,2,851.0,814.9,887.1,832.0,870.0,2.0,1.05,2.95,1.5,2.5,0.4100294166620414,0.24723178109563193,0.572827052228451,0.3243464505744575,0.49571238274962537,2.0,1.05,2.95,1.5,2.5,2.0,1.05,2.95,1.5,2.5,0.0,0.0,0.0,0.0,0.0,2.5,0.125,4.875,1.25,3.75,0.0,0.0,0.0,0.0,0.0,83.33333333333333,67.49999999999999,99.16666666666667,75.0,91.66666666666666,16.666666666666664,0.8333333333333333,32.49999999999999,8.333333333333332,24.999999999999996,0.0,0.0,0.0,0.0,0.0,0.0,0.0,0.0,0.0,0.0,0.0,0.0,0.0,0.0,0.0,0.5,0.025,0.975,0.25,0.75
2079,2,838.0,794.3,881.7,815.0,861.0,2.0,1.05,2.95,1.5,2.5,0.4149199695121951,0.2524533155487805,0.5773866234756098,0.3294112042682927,0.5004287347560976,2.0,1.05,2.95,1.5,2.5,2.0,1.05,2.95,1.5,2.5,0.0,0.0,0.0,0.0,0.0,2.5,0.125,4.875,1.25,3.75,0.0,0.0,0.0,0.0,0.0,83.33333333333333,67.49999999999999,99.16666666666667,75.0,91.66666666666666,16.666666666666664,0.8333333333333333,32.49999999999999,8.333333333333332,24.999999999999996,0.0,0.0,0.0,0.0,0.0,0.0,0.0,0.0,0.0,0.0,0.0,0.0,0.0,0.0,0.0,0.5,0.025,0.975,0.25,0.75
2080,2,820.5,775.375,865.625,796.75,844.25,2.0,1.05,2.95,1.5,2.5,0.4240894769065361,0.2581122045186435,0.5900667492944286,0.33673301775501363,0.5114459360580585,2.0,1.05,2.95,1.5,2.5,2.0,1.05,2.95,1.5,2.5,0.0,0.0,0.0,0.0,0.0,2.5,0.125,4.875,1.25,3.75,0.0,0.0,0.0,0.0,0.0,83.33333333333333,67.49999999999999,99.16666666666667,75.0,91.66666666666666,16.666666666666664,0.8333333333333333,32.49999999999999,8.333333333333332,24.999999999999996,0.0,0.0,0.0,0.0,0.0,0.0,0.0,0.0,0.0,0.0,0.0,0.0,0.0,0.0,0.0,0.5,0.025,0.975,0.25,0.75
2081,2,812.0,764.5,859.5,787.0,837.0,2.0,1.05,2.95,1.5,2.5,0.42807349145377316,0.26130266447167855,0.5948443184358677,0.3402993719895128,0.5158476109180334,2.0,1.05,2.95,1.5,2.5,2.0,1.05,2.95,1.5,2.5,0.0,0.0,0.0,0.0,0.0,2.5,0.125,4.875,1.25,3.75,0.0,0.0,0.0,0.0,0.0,83.33333333333333,67.49999999999999,99.16666666666667,75.0,91.66666666666666,16.666666666666664,0.8333333333333333,32.49999999999999,8.333333333333332,24.999999999999996,0.0,0.0,0.0,0.0,0.0,0.0,0.0,0.0,0.0,0.0,0.0,0.0,0.0,0.0,0.0,0.5,0.025,0.975,0.25,0.75
2082,2,803.0,753.6,852.4,777.0,829.0,2.0,1.05,2.95,1.5,2.5,0.4317505896831094,0.2602809968208389,0.60322018254538,0.3415034355450723,0.5219977438211465,2.0,1.05,2.95,1.5,2.5,2.0,1.05,2.95,1.5,2.5,0.0,0.0,0.0,0.0,0.0,2.5,0.125,4.875,1.25,3.75,0.0,0.0,0.0,0.0,0.0,83.33333333333333,67.49999999999999,99.16666666666667,75.0,91.66666666666666,16.666666666666664,0.8333333333333333,32.49999999999999,8.333333333333332,24.999999999999996,0.0,0.0,0.0,0.0,0.0,0.0,0.0,0.0,0.0,0.0,0.0,0.0,0.0,0.0,0.0,0.5,0.025,0.975,0.25,0.75
2083,2,798.0,749.55,846.45,772.5,823.5,1.5,1.025,1.975,1.25,1.75,0.33255615463080546,0.2559225180589962,0.40918979120261467,0.29222266169827427,0.3728896475633366,1.5,1.025,1.975,1.25,1.75,1.5,1.025,1.975,1.25,1.75,0.0,0.0,0.0,0.0,0.0,2.5,0.125,4.875,1.25,3.75,0.0,0.0,0.0,0.0,0.0,75.0,51.25,98.75,62.5,87.5,25.0,1.25,48.75,12.5,37.5,0.0,0.0,0.0,0.0,0.0,0.0,0.0,0.0,0.0,0.0,0.0,0.0,0.0,0.0,0.0,0.5,0.025,0.975,0.25,0.75
2084,2,787.0,738.55,835.45,761.5,812.5,1.5,1.025,1.975,1.25,1.75,0.33784873407514915,0.260482180293501,0.41521528785679734,0.29712949524270277,0.3785679729075956,1.5,1.025,1.975,1.25,1.75,1.5,1.025,1.975,1.25,1.75,0.0,0.0,0.0,0.0,0.0,2.5,0.125,4.875,1.25,3.75,0.0,0.0,0.0,0.0,0.0,75.0,51.25,98.75,62.5,87.5,25.0,1.25,48.75,12.5,37.5,0.0,0.0,0.0,0.0,0.0,0.0,0.0,0.0,0.0,0.0,0.0,0.0,0.0,0.0,0.0,0.5,0.025,0.975,0.25,0.75
2085,2,784.0,734.6,833.4,758.0,810.0,1.5,1.025,1.975,1.25,1.75,0.3411787974683544,0.26445477320675104,0.41790282172995774,0.3007977320675105,0.3815598628691983,1.5,1.025,1.975,1.25,1.75,1.5,1.025,1.975,1.25,1.75,0.0,0.0,0.0,0.0,0.0,2.5,0.125,4.875,1.25,3.75,0.0,0.0,0.0,0.0,0.0,75.0,51.25,98.75,62.5,87.5,25.0,1.25,48.75,12.5,37.5,0.0,0.0,0.0,0.0,0.0,0.0,0.0,0.0,0.0,0.0,0.0,0.0,0.0,0.0,0.0,0.5,0.025,0.975,0.25,0.75
2086,2,776.5,726.625,826.375,750.25,802.75,1.5,1.025,1.975,1.25,1.75,0.34220405993554603,0.26645403501777465,0.41795408485331736,0.3023356257682979,0.3820724941027941,1.5,1.025,1.975,1.25,1.75,1.5,1.025,1.975,1.25,1.75,0.0,0.0,0.0,0.0,0.0,2.5,0.125,4.875,1.25,3.75,0.0,0.0,0.0,0.0,0.0,75.0,51.25,98.75,62.5,87.5,25.0,1.25,48.75,12.5,37.5,0.0,0.0,0.0,0.0,0.0,0.0,0.0,0.0,0.0,0.0,0.0,0.0,0.0,0.0,0.0,0.5,0.025,0.975,0.25,0.75
2087,2,766.5,716.625,816.375,740.25,792.75,1.5,1.025,1.975,1.25,1.75,0.349634117326184,0.2749342803920544,0.4243339542603135,0.3103184136766421,0.38894982097572584,1.5,1.025,1.975,1.25,1.75,1.5,1.025,1.975,1.25,1.75,0.0,0.0,0.0,0.0,0.0,2.5,0.125,4.875,1.25,3.75,0.0,0.0,0.0,0.0,0.0,75.0,51.25,98.75,62.5,87.5,25.0,1.25,48.75,12.5,37.5,0.0,0.0,0.0,0.0,0.0,0.0,0.0,0.0,0.0,0.0,0.0,0.0,0.0,0.0,0.0,0.5,0.025,0.975,0.25,0.75
2088,2,757.0,706.65,807.35,730.5,783.5,1.5,1.025,1.975,1.25,1.75,0.3605411834671424,0.2863886410942611,0.43469372584002375,0.32151352958667856,0.3995688373476063,1.5,1.025,1.975,1.25,1.75,1.5,1.025,1.975,1.25,1.75,0.0,0.0,0.0,0.0,0.0,2.5,0.125,4.875,1.25,3.75,0.0,0.0,0.0,0.0,0.0,75.0,51.25,98.75,62.5,87.5,25.0,1.25,48.75,12.5,37.5,0.0,0.0,0.0,0.0,0.0,0.0,0.0,0.0,0.0,0.0,0.0,0.0,0.0,0.0,0.0,0.5,0.025,0.975,0.25,0.75
2089,2,742.0,694.5,789.5,717.0,767.0,1.5,1.025,1.975,1.25,1.75,0.3661664742849814,0.2936706425548288,0.43866230601513406,0.3280107733743748,0.40432217519558805,1.5,1.025,1.975,1.25,1.75,1.5,1.025,1.975,1.25,1.75,0.0,0.0,0.0,0.0,0.0,2.5,0.125,4.875,1.25,3.75,0.0,0.0,0.0,0.0,0.0,75.0,51.25,98.75,62.5,87.5,25.0,1.25,48.75,12.5,37.5,0.0,0.0,0.0,0.0,0.0,0.0,0.0,0.0,0.0,0.0,0.0,0.0,0.0,0.0,0.0,0.5,0.025,0.975,0.25,0.75
2090,2,733.0,682.65,783.35,706.5,759.5,1.5,1.025,1.975,1.25,1.75,0.37053901383169674,0.30126504592968006,0.43981298173371347,0.3340790307253722,0.40699899693802133,1.5,1.025,1.975,1.25,1.75,1.5,1.025,1.975,1.25,1.75,0.0,0.0,0.0,0.0,0.0,2.5,0.125,4.875,1.25,3.75,0.0,0.0,0.0,0.0,0.0,75.0,51.25,98.75,62.5,87.5,25.0,1.25,48.75,12.5,37.5,0.0,0.0,0.0,0.0,0.0,0.0,0.0,0.0,0.0,0.0,0.0,0.0,0.0,0.0,0.0,0.5,0.025,0.975,0.25,0.75
2091,2,719.0,668.65,769.35,692.5,745.5,1.5,1.025,1.975,1.25,1.75,0.3819298980589303,0.3069752827817344,0.45688451333612623,0.3424801005446167,0.42137969557324395,1.5,1.025,1.975,1.25,1.75,1.5,1.025,1.975,1.25,1.75,0.0,0.0,0.0,0.0,0.0,2.5,0.125,4.875,1.25,3.75,0.0,0.0,0.0,0.0,0.0,75.0,51.25,98.75,62.5,87.5,25.0,1.25,48.75,12.5,37.5,0.0,0.0,0.0,0.0,0.0,0.0,0.0,0.0,0.0,0.0,0.0,0.0,0.0,0.0,0.0,0.5,0.025,0.975,0.25,0.75
2092,2,705.5,650.875,760.125,676.75,734.25,1.5,1.025,1.975,1.25,1.75,0.38676098458707153,0.3143691051299747,0.45915286404416833,0.3486599953991258,0.4248619737750172,1.5,1.025,1.975,1.25,1.75,1.5,1.025,1.975,1.25,1.75,0.0,0.0,0.0,0.0,0.0,2.5,0.125,4.875,1.25,3.75,0.0,0.0,0.0,0.0,0.0,75.0,51.25,98.75,62.5,87.5,25.0,1.25,48.75,12.5,37.5,0.0,0.0,0.0,0.0,0.0,0.0,0.0,0.0,0.0,0.0,0.0,0.0,0.0,0.0,0.0,0.5,0.025,0.975,0.25,0.75
2093,2,695.5,640.875,750.125,666.75,724.25,1.0,1.0,1.0,1.0,1.0,0.2745069178687077,0.23465557845157492,0.3143582572858405,0.2535325287017957,0.2954813070356197,1.0,1.0,1.0,1.0,1.0,1.0,1.0,1.0,1.0,1.0,0.0,0.0,0.0,0.0,0.0,2.5,0.125,4.875,1.25,3.75,0.0,0.0,0.0,0.0,0.0,50.0,2.5,97.5,25.0,75.0,50.0,2.5,97.5,25.0,75.0,0.0,0.0,0.0,0.0,0.0,0.0,0.0,0.0,0.0,0.0,0.0,0.0,0.0,0.0,0.0,0.5,0.025,0.975,0.25,0.75
2094,2,686.0,625.2,746.8,654.0,718.0,0.5,0.025,0.975,0.25,0.75,0.1607717041800643,0.008038585209003217,0.3135048231511254,0.08038585209003216,0.24115755627009647,0.5,0.025,0.975,0.25,0.75,0.5,0.025,0.975,0.25,0.75,0.0,0.0,0.0,0.0,0.0,2.5,0.125,4.875,1.25,3.75,0.0,0.0,0.0,0.0,0.0,50.0,2.5,97.5,25.0,75.0,0.0,0.0,0.0,0.0,0.0,0.0,0.0,0.0,0.0,0.0,0.0,0.0,0.0,0.0,0.0,0.0,0.0,0.0,0.0,0.0,0.0,0.0,0.0,0.0,0.0
2095,2,676.0,613.3,738.7,643.0,709.0,0.5,0.025,0.975,0.25,0.75,0.1644736842105263,0.008223684210526315,0.32072368421052627,0.08223684210526315,0.24671052631578944,0.5,0.025,0.975,0.25,0.75,0.5,0.025,0.975,0.25,0.75,0.0,0.0,0.0,0.0,0.0,2.5,0.125,4.875,1.25,3.75,0.0,0.0,0.0,0.0,0.0,50.0,2.5,97.5,25.0,75.0,0.0,0.0,0.0,0.0,0.0,0.0,0.0,0.0,0.0,0.0,0.0,0.0,0.0,0.0,0.0,0.0,0.0,0.0,0.0,0.0,0.0,0.0,0.0,0.0,0.0
2096,2,672.0,605.5,738.5,637.0,707.0,0.5,0.025,0.975,0.25,0.75,0.16835016835016833,0.008417508417508417,0.32828282828282823,0.08417508417508417,0.2525252525252525,0.5,0.025,0.975,0.25,0.75,0.5,0.025,0.975,0.25,0.75,0.0,0.0,0.0,0.0,0.0,2.5,0.125,4.875,1.25,3.75,0.0,0.0,0.0,0.0,0.0,50.0,2.5,97.5,25.0,75.0,0.0,0.0,0.0,0.0,0.0,0.0,0.0,0.0,0.0,0.0,0.0,0.0,0.0,0.0,0.0,0.0,0.0,0.0,0.0,0.0,0.0,0.0,0.0,0.0,0.0
2097,2,660.5,597.325,723.675,627.25,693.75,0.5,0.025,0.975,0.25,0.75,0.17006802721088435,0.008503401360544218,0.33163265306122447,0.08503401360544217,0.25510204081632654,0.5,0.025,0.975,0.25,0.75,0.5,0.025,0.975,0.25,0.75,0.0,0.0,0.0,0.0,0.0,2.5,0.125,4.875,1.25,3.75,0.0,0.0,0.0,0.0,0.0,50.0,2.5,97.5,25.0,75.0,0.0,0.0,0.0,0.0,0.0,0.0,0.0,0.0,0.0,0.0,0.0,0.0,0.0,0.0,0.0,0.0,0.0,0.0,0.0,0.0,0.0,0.0,0.0,0.0,0.0
2098,2,650.0,579.7,720.3,613.0,687.0,0.5,0.025,0.975,0.25,0.75,0.17921146953405018,0.008960573476702509,0.3494623655913978,0.08960573476702509,0.26881720430107525,0.5,0.025,0.975,0.25,0.75,0.5,0.025,0.975,0.25,0.75,0.0,0.0,0.0,0.0,0.0,2.5,0.125,4.875,1.25,3.75,0.0,0.0,0.0,0.0,0.0,50.0,2.5,97.5,25.0,75.0,0.0,0.0,0.0,0.0,0.0,0.0,0.0,0.0,0.0,0.0,0.0,0.0,0.0,0.0,0.0,0.0,0.0,0.0,0.0,0.0,0.0,0.0,0.0,0.0,0.0
2099,2,638.0,572.45,703.55,603.5,672.5,0.5,0.025,0.975,0.25,0.75,0.18248175182481752,0.009124087591240877,0.35583941605839414,0.09124087591240876,0.2737226277372263,0.5,0.025,0.975,0.25,0.75,0.5,0.025,0.975,0.25,0.75,0.0,0.0,0.0,0.0,0.0,2.5,0.125,4.875,1.25,3.75,0.0,0.0,0.0,0.0,0.0,50.0,2.5,97.5,25.0,75.0,0.0,0.0,0.0,0.0,0.0,0.0,0.0,0.0,0.0,0.0,0.0,0.0,0.0,0.0,0.0,0.0,0.0,0.0,0.0,0.0,0.0,0.0,0.0,0.0,0.0
2100,2,627.5,562.425,692.575,593.25,661.75,0.5,0.025,0.975,0.25,0.75,0.18796992481203006,0.009398496240601503,0.3665413533834586,0.09398496240601503,0.28195488721804507,0.5,0.025,0.975,0.25,0.75,0.5,0.025,0.975,0.25,0.75,0.0,0.0,0.0,0.0,0.0,2.5,0.125,4.875,1.25,3.75,0.0,0.0,0.0,0.0,0.0,50.0,2.5,97.5,25.0,75.0,0.0,0.0,0.0,0.0,0.0,0.0,0.0,0.0,0.0,0.0,0.0,0.0,0.0,0.0,0.0,0.0,0.0,0.0,0.0,0.0,0.0,0.0,0.0,0.0,0.0
2101,2,619.5,551.575,687.425,583.75,655.25,0.5,0.025,0.975,0.25,0.75,0.19083969465648853,0.009541984732824428,0.37213740458015265,0.09541984732824427,0.2862595419847328,0.5,0.025,0.975,0.25,0.75,0.5,0.025,0.975,0.25,0.75,0.0,0.0,0.0,0.0,0.0,2.5,0.125,4.875,1.25,3.75,0.0,0.0,0.0,0.0,0.0,50.0,2.5,97.5,25.0,75.0,0.0,0.0,0.0,0.0,0.0,0.0,0.0,0.0,0.0,0.0,0.0,0.0,0.0,0.0,0.0,0.0,0.0,0.0,0.0,0.0,0.0,0.0,0.0,0.0,0.0
2102,2,607.0,537.65,676.35,570.5,643.5,0.5,0.025,0.975,0.25,0.75,0.1984126984126984,0.00992063492063492,0.38690476190476186,0.0992063492063492,0.2976190476190476,0.5,0.025,0.975,0.25,0.75,0.5,0.025,0.975,0.25,0.75,0.0,0.0,0.0,0.0,0.0,2.5,0.125,4.875,1.25,3.75,0.0,0.0,0.0,0.0,0.0,50.0,2.5,97.5,25.0,75.0,0.0,0.0,0.0,0.0,0.0,0.0,0.0,0.0,0.0,0.0,0.0,0.0,0.0,0.0,0.0,0.0,0.0,0.0,0.0,0.0,0.0,0.0,0.0,0.0,0.0
2103,2,597.0,526.7,667.3,560.0,634.0,0.5,0.025,0.975,0.25,0.75,0.20161290322580644,0.010080645161290322,0.39314516129032256,0.10080645161290322,0.30241935483870963,0.5,0.025,0.975,0.25,0.75,0.5,0.025,0.975,0.25,0.75,0.0,0.0,0.0,0.0,0.0,2.5,0.125,4.875,1.25,3.75,0.0,0.0,0.0,0.0,0.0,50.0,2.5,97.5,25.0,75.0,0.0,0.0,0.0,0.0,0.0,0.0,0.0,0.0,0.0,0.0,0.0,0.0,0.0,0.0,0.0,0.0,0.0,0.0,0.0,0.0,0.0,0.0,0.0,0.0,0.0
2104,2,580.0,505.9,654.1,541.0,619.0,0.5,0.025,0.975,0.25,0.75,0.20920502092050208,0.010460251046025104,0.40794979079497906,0.10460251046025104,0.3138075313807531,0.5,0.025,0.975,0.25,0.75,0.5,0.025,0.975,0.25,0.75,0.0,0.0,0.0,0.0,0.0,2.5,0.125,4.875,1.25,3.75,0.0,0.0,0.0,0.0,0.0,50.0,2.5,97.5,25.0,75.0,0.0,0.0,0.0,0.0,0.0,0.0,0.0,0.0,0.0,0.0,0.0,0.0,0.0,0.0,0.0,0.0,0.0,0.0,0.0,0.0,0.0,0.0,0.0,0.0,0.0
2105,2,572.5,498.875,646.125,533.75,611.25,0.5,0.025,0.975,0.25,0.75,0.211864406779661,0.01059322033898305,0.41313559322033894,0.1059322033898305,0.3177966101694915,0.5,0.025,0.975,0.25,0.75,0.5,0.025,0.975,0.25,0.75,0.0,0.0,0.0,0.0,0.0,2.5,0.125,4.875,1.25,3.75,0.0,0.0,0.0,0.0,0.0,50.0,2.5,97.5,25.0,75.0,0.0,0.0,0.0,0.0,0.0,0.0,0.0,0.0,0.0,0.0,0.0,0.0,0.0,0.0,0.0,0.0,0.0,0.0,0.0,0.0,0.0,0.0,0.0,0.0,0.0
2106,2,565.5,489.975,641.025,525.75,605.25,1.0,1.0,1.0,1.0,1.0,0.35231978166760775,0.27576816299642387,0.4288714003387916,0.31202945605119514,0.39261010728402035,1.0,1.0,1.0,1.0,1.0,1.0,1.0,1.0,1.0,1.0,0.0,0.0,0.0,0.0,0.0,2.5,0.125,4.875,1.25,3.75,0.0,0.0,0.0,0.0,0.0,50.0,2.5,97.5,25.0,75.0,50.0,2.5,97.5,25.0,75.0,0.0,0.0,0.0,0.0,0.0,0.0,0.0,0.0,0.0,0.0,0.0,0.0,0.0,0.0,0.0,0.5,0.025,0.975,0.25,0.75
2107,2,560.0,482.1,637.9,519.0,601.0,1.0,1.0,1.0,1.0,1.0,0.35834942084942084,0.2746742277992278,0.44202461389961384,0.31430984555984554,0.40238899613899615,1.0,1.0,1.0,1.0,1.0,1.0,1.0,1.0,1.0,1.0,0.0,0.0,0.0,0.0,0.0,2.5,0.125,4.875,1.25,3.75,0.0,0.0,0.0,0.0,0.0,50.0,2.5,97.5,25.0,75.0,50.0,2.5,97.5,25.0,75.0,0.0,0.0,0.0,0.0,0.0,0.0,0.0,0.0,0.0,0.0,0.0,0.0,0.0,0.0,0.0,0.5,0.025,0.975,0.25,0.75
2108,2,550.0,474.0,626.0,510.0,590.0,1.0,1.0,1.0,1.0,1.0,0.3699856366061352,0.2816571765671489,0.4583140966451215,0.3234969734277213,0.4164742997845491,1.0,1.0,1.0,1.0,1.0,1.0,1.0,1.0,1.0,1.0,0.0,0.0,0.0,0.0,0.0,2.5,0.125,4.875,1.25,3.75,0.0,0.0,0.0,0.0,0.0,50.0,2.5,97.5,25.0,75.0,50.0,2.5,97.5,25.0,75.0,0.0,0.0,0.0,0.0,0.0,0.0,0.0,0.0,0.0,0.0,0.0,0.0,0.0,0.0,0.0,0.5,0.025,0.975,0.25,0.75
2109,2,538.0,459.15,616.85,496.5,579.5,1.0,1.0,1.0,1.0,1.0,0.38007952018330077,0.28660960981198197,0.47354943055461957,0.3308848305141856,0.42927420985241593,1.0,1.0,1.0,1.0,1.0,1.0,1.0,1.0,1.0,1.0,0.0,0.0,0.0,0.0,0.0,2.5,0.125,4.875,1.25,3.75,0.0,0.0,0.0,0.0,0.0,50.0,2.5,97.5,25.0,75.0,50.0,2.5,97.5,25.0,75.0,0.0,0.0,0.0,0.0,0.0,0.0,0.0,0.0,0.0,0.0,0.0,0.0,0.0,0.0,0.0,0.5,0.025,0.975,0.25,0.75
2110,2,532.0,451.25,612.75,489.5,574.5,1.0,1.0,1.0,1.0,1.0,0.3794169670946922,0.2896261190100053,0.46920781517937915,0.3321586259974886,0.42667530819189586,1.0,1.0,1.0,1.0,1.0,1.0,1.0,1.0,1.0,1.0,0.0,0.0,0.0,0.0,0.0,2.5,0.125,4.875,1.25,3.75,0.0,0.0,0.0,0.0,0.0,50.0,2.5,97.5,25.0,75.0,50.0,2.5,97.5,25.0,75.0,0.0,0.0,0.0,0.0,0.0,0.0,0.0,0.0,0.0,0.0,0.0,0.0,0.0,0.0,0.0,0.5,0.025,0.975,0.25,0.75
2111,2,517.5,431.525,603.475,472.25,562.75,1.0,1.0,1.0,1.0,1.0,0.38916256157635465,0.29088669950738916,0.4874384236453202,0.3374384236453202,0.4408866995073892,1.0,1.0,1.0,1.0,1.0,1.0,1.0,1.0,1.0,1.0,0.0,0.0,0.0,0.0,0.0,2.5,0.125,4.875,1.25,3.75,0.0,0.0,0.0,0.0,0.0,50.0,2.5,97.5,25.0,75.0,50.0,2.5,97.5,25.0,75.0,0.0,0.0,0.0,0.0,0.0,0.0,0.0,0.0,0.0,0.0,0.0,0.0,0.0,0.0,0.0,0.5,0.025,0.975,0.25,0.75
2112,2,502.0,415.55,588.45,456.5,547.5,1.0,1.0,1.0,1.0,1.0,0.40725011375701503,0.2941377218261793,0.5203625056878507,0.3477172758986804,0.4667829516153496,1.0,1.0,1.0,1.0,1.0,1.0,1.0,1.0,1.0,1.0,0.0,0.0,0.0,0.0,0.0,2.5,0.125,4.875,1.25,3.75,0.0,0.0,0.0,0.0,0.0,50.0,2.5,97.5,25.0,75.0,50.0,2.5,97.5,25.0,75.0,0.0,0.0,0.0,0.0,0.0,0.0,0.0,0.0,0.0,0.0,0.0,0.0,0.0,0.0,0.0,0.5,0.025,0.975,0.25,0.75
2113,2,497.5,410.575,584.425,451.75,543.25,0.5,0.025,0.975,0.25,0.75,0.14619883040935672,0.007309941520467836,0.2850877192982456,0.07309941520467836,0.21929824561403508,0.5,0.025,0.975,0.25,0.75,0.5,0.025,0.975,0.25,0.75,0.0,0.0,0.0,0.0,0.0,2.5,0.125,4.875,1.25,3.75,0.0,0.0,0.0,0.0,0.0,0.0,0.0,0.0,0.0,0.0,50.0,2.5,97.5,25.0,75.0,0.0,0.0,0.0,0.0,0.0,0.0,0.0,0.0,0.0,0.0,0.0,0.0,0.0,0.0,0.0,0.5,0.025,0.975,0.25,0.75
2114,2,486.0,397.65,574.35,439.5,532.5,0.5,0.025,0.975,0.25,0.75,0.15060240963855423,0.007530120481927712,0.29367469879518077,0.07530120481927711,0.22590361445783136,0.5,0.025,0.975,0.25,0.75,0.5,0.025,0.975,0.25,0.75,0.0,0.0,0.0,0.0,0.0,2.5,0.125,4.875,1.25,3.75,0.0,0.0,0.0,0.0,0.0,0.0,0.0,0.0,0.0,0.0,50.0,2.5,97.5,25.0,75.0,0.0,0.0,0.0,0.0,0.0,0.0,0.0,0.0,0.0,0.0,0.0,0.0,0.0,0.0,0.0,0.5,0.025,0.975,0.25,0.75
2115,2,478.5,389.675,567.325,431.75,525.25,0.5,0.025,0.975,0.25,0.75,0.14970059880239522,0.007485029940119761,0.29191616766467066,0.07485029940119761,0.22455089820359284,0.5,0.025,0.975,0.25,0.75,0.5,0.025,0.975,0.25,0.75,0.0,0.0,0.0,0.0,0.0,2.5,0.125,4.875,1.25,3.75,0.0,0.0,0.0,0.0,0.0,0.0,0.0,0.0,0.0,0.0,50.0,2.5,97.5,25.0,75.0,0.0,0.0,0.0,0.0,0.0,0.0,0.0,0.0,0.0,0.0,0.0,0.0,0.0,0.0,0.0,0.5,0.025,0.975,0.25,0.75
2116,2,470.5,380.725,560.275,423.25,517.75,0.5,0.025,0.975,0.25,0.75,0.15337423312883436,0.007668711656441719,0.299079754601227,0.07668711656441718,0.23006134969325154,0.5,0.025,0.975,0.25,0.75,0.5,0.025,0.975,0.25,0.75,0.0,0.0,0.0,0.0,0.0,2.5,0.125,4.875,1.25,3.75,0.0,0.0,0.0,0.0,0.0,0.0,0.0,0.0,0.0,0.0,50.0,2.5,97.5,25.0,75.0,0.0,0.0,0.0,0.0,0.0,0.0,0.0,0.0,0.0,0.0,0.0,0.0,0.0,0.0,0.0,0.5,0.025,0.975,0.25,0.75
2117,2,461.0,367.9,554.1,412.0,510.0,0.5,0.025,0.975,0.25,0.75,0.15625,0.0078125,0.3046875,0.078125,0.234375,0.5,0.025,0.975,0.25,0.75,0.5,0.025,0.975,0.25,0.75,0.0,0.0,0.0,0.0,0.0,2.5,0.125,4.875,1.25,3.75,0.0,0.0,0.0,0.0,0.0,0.0,0.0,0.0,0.0,0.0,50.0,2.5,97.5,25.0,75.0,0.0,0.0,0.0,0.0,0.0,0.0,0.0,0.0,0.0,0.0,0.0,0.0,0.0,0.0,0.0,0.5,0.025,0.975,0.25,0.75
2118,2,453.5,358.025,548.975,403.25,503.75,0.5,0.025,0.975,0.25,0.75,0.15873015873015872,0.007936507936507936,0.3095238095238095,0.07936507936507936,0.23809523809523808,0.5,0.025,0.975,0.25,0.75,0.5,0.025,0.975,0.25,0.75,0.0,0.0,0.0,0.0,0.0,2.5,0.125,4.875,1.25,3.75,0.0,0.0,0.0,0.0,0.0,0.0,0.0,0.0,0.0,0.0,50.0,2.5,97.5,25.0,75.0,0.0,0.0,0.0,0.0,0.0,0.0,0.0,0.0,0.0,0.0,0.0,0.0,0.0,0.0,0.0,0.5,0.025,0.975,0.25,0.75
2119,2,445.5,349.075,541.925,394.75,496.25,0.5,0.025,0.975,0.25,0.75,0.15822784810126583,0.007911392405063292,0.3085443037974684,0.07911392405063292,0.23734177215189875,0.5,0.025,0.975,0.25,0.75,0.5,0.025,0.975,0.25,0.75,0.0,0.0,0.0,0.0,0.0,2.5,0.125,4.875,1.25,3.75,0.0,0.0,0.0,0.0,0.0,0.0,0.0,0.0,0.0,0.0,50.0,2.5,97.5,25.0,75.0,0.0,0.0,0.0,0.0,0.0,0.0,0.0,0.0,0.0,0.0,0.0,0.0,0.0,0.0,0.0,0.5,0.025,0.975,0.25,0.75
2120,2,434.5,339.975,529.025,384.75,484.25,0.5,0.025,0.975,0.25,0.75,0.16181229773462785,0.008090614886731393,0.3155339805825243,0.08090614886731393,0.24271844660194178,0.5,0.025,0.975,0.25,0.75,0.5,0.025,0.975,0.25,0.75,0.0,0.0,0.0,0.0,0.0,2.5,0.125,4.875,1.25,3.75,0.0,0.0,0.0,0.0,0.0,0.0,0.0,0.0,0.0,0.0,50.0,2.5,97.5,25.0,75.0,0.0,0.0,0.0,0.0,0.0,0.0,0.0,0.0,0.0,0.0,0.0,0.0,0.0,0.0,0.0,0.5,0.025,0.975,0.25,0.75
2121,2,430.5,331.225,529.775,378.25,482.75,0.5,0.025,0.975,0.25,0.75,0.16233766233766234,0.008116883116883118,0.31655844155844154,0.08116883116883117,0.2435064935064935,0.5,0.025,0.975,0.25,0.75,0.5,0.025,0.975,0.25,0.75,0.0,0.0,0.0,0.0,0.0,2.5,0.125,4.875,1.25,3.75,0.0,0.0,0.0,0.0,0.0,0.0,0.0,0.0,0.0,0.0,50.0,2.5,97.5,25.0,75.0,0.0,0.0,0.0,0.0,0.0,0.0,0.0,0.0,0.0,0.0,0.0,0.0,0.0,0.0,0.0,0.5,0.025,0.975,0.25,0.75
2122,2,428.0,327.3,528.7,375.0,481.0,0.5,0.025,0.975,0.25,0.75,0.16286644951140067,0.008143322475570034,0.3175895765472313,0.08143322475570033,0.244299674267101,0.5,0.025,0.975,0.25,0.75,0.5,0.025,0.975,0.25,0.75,0.0,0.0,0.0,0.0,0.0,2.5,0.125,4.875,1.25,3.75,0.0,0.0,0.0,0.0,0.0,0.0,0.0,0.0,0.0,0.0,50.0,2.5,97.5,25.0,75.0,0.0,0.0,0.0,0.0,0.0,0.0,0.0,0.0,0.0,0.0,0.0,0.0,0.0,0.0,0.0,0.5,0.025,0.975,0.25,0.75
2123,2,419.5,314.525,524.475,364.25,474.75,0.5,0.025,0.975,0.25,0.75,0.16501650165016502,0.008250825082508252,0.3217821782178218,0.08250825082508251,0.24752475247524752,0.5,0.025,0.975,0.25,0.75,0.5,0.025,0.975,0.25,0.75,0.0,0.0,0.0,0.0,0.0,2.5,0.125,4.875,1.25,3.75,0.0,0.0,0.0,0.0,0.0,0.0,0.0,0.0,0.0,0.0,50.0,2.5,97.5,25.0,75.0,0.0,0.0,0.0,0.0,0.0,0.0,0.0,0.0,0.0,0.0,0.0,0.0,0.0,0.0,0.0,0.5,0.025,0.975,0.25,0.75
2124,2,411.0,300.8,521.2,353.0,469.0,0.5,0.025,0.975,0.25,0.75,0.1644736842105263,0.008223684210526315,0.32072368421052627,0.08223684210526315,0.24671052631578944,0.5,0.025,0.975,0.25,0.75,0.5,0.025,0.975,0.25,0.75,0.0,0.0,0.0,0.0,0.0,2.5,0.125,4.875,1.25,3.75,0.0,0.0,0.0,0.0,0.0,0.0,0.0,0.0,0.0,0.0,50.0,2.5,97.5,25.0,75.0,0.0,0.0,0.0,0.0,0.0,0.0,0.0,0.0,0.0,0.0,0.0,0.0,0.0,0.0,0.0,0.5,0.025,0.975,0.25,0.75
2125,2,403.0,292.8,513.2,345.0,461.0,0.5,0.025,0.975,0.25,0.75,0.16339869281045752,0.008169934640522876,0.31862745098039214,0.08169934640522876,0.2450980392156863,0.5,0.025,0.975,0.25,0.75,0.5,0.025,0.975,0.25,0.75,0.0,0.0,0.0,0.0,0.0,2.5,0.125,4.875,1.25,3.75,0.0,0.0,0.0,0.0,0.0,0.0,0.0,0.0,0.0,0.0,50.0,2.5,97.5,25.0,75.0,0.0,0.0,0.0,0.0,0.0,0.0,0.0,0.0,0.0,0.0,0.0,0.0,0.0,0.0,0.0,0.5,0.025,0.975,0.25,0.75
